"1","HI","E4","1","","",,"","",""
"2","HI","E4","2","","",,"","",""
"3","HI","E4","3","","",,"","",""
"4","HI","E4","4","","",,"","",""
"5","HI","E4","5","","CB",,"","",""
"6","HI","E4","6","","DT",,"","",""
"7","HI","E4","7","","CB",,"","",""
"8","HI","E4","8","","CB",,"","",""
"9","HI","E4","9","","CB",,"","",""
"10","HI","E4","10","","CB",,"","",""
"11","HI","E4","11","","CB",,"","",""
"12","HI","E4","12","","",,"","",""
"13","HI","E4","13","","",,"","",""
"14","HI","E4","151","","CN",,"","",""
"15","HI","E4","152","","DT",,"","",""
"16","HI","E4","153","","CN",,"","",""
"17","HI","E4","154","","",,"","",""
"18","HI","E4","155","","CN",,"","",""
"19","HI","E4","156","","DT",,"","",""
"20","HI","E4","157","","CN",,"","",""
"21","HI","E4","158","","DT",,"","",""
"22","HI","E4","159","","CB",,"","",""
"23","HI","E4","160","","DT",,"","",""
"24","HI","E4","161","","CN",,"","",""
"25","HI","E4","162","","",,"","",""
"26","HI","E4","163","","CB",,"","",""
"27","HI","E4","164","","DT",,"","",""
"28","HI","E4","165","","CB",,"","",""
"29","HI","E4","166","","CN",,"","",""
"30","HI","E4","167","","DT",,"","",""
"31","HI","E4","168","","BR",,"","",""
"32","HI","E4","169","","BR",,"","",""
"33","HI","E4","170","","BR",,"","",""
"34","HI","E4","171","","BR",,"","",""
"35","HI","E4","172","","",,"","",""
"36","HI","E4","173","","",,"","",""
"37","HI","E4","174","","BR",,"","",""
"38","HI","E4","175","","",,"","",""
"39","HI","E4","176","","",,"","",""
"40","HI","E4","177","","BR",,"","",""
"41","HI","E4","178","","BR",,"","",""
"42","HI","E4","179","","",,"","",""
"43","HI","E4","180","","",,"","",""
"44","HI","E4","181","","",,"","",""
"45","HI","E4","182","","CB",,"","",""
"46","HI","E4","183","","",,"","",""
"47","HI","E4","184","","CB",,"","",""
"48","HI","E4","185","","CB",,"","",""
"49","HI","E4","186","","DT",,"","",""
"50","HI","E4","187","","DT",,"","",""
"51","HI","E4","188","","",,"","",""
"52","HI","E4","189","","",,"","",""
"53","HI","E4","190","","",,"","",""
"54","HI","E4","191","","",,"","",""
"55","HI","E4","192","","",,"","",""
"56","HI","E4","193","","",,"","",""
"57","HI","E4","194","","",,"","",""
"58","HI","E4","195","","",,"","",""
"59","HI","E4","196","","",,"","",""
"60","HI","E4","197","","",,"","",""
"61","HI","E4","198","","",,"","",""
"62","HI","BM","1","","TB",,"","",""
"63","HI","BM","2","","TB",,"","",""
"64","HI","BM","3","","TB",,"","",""
"65","HI","BM","4","","TB",,"","",""
"66","HI","BM","5","","TB",,"","",""
"67","HI","BM","6","","TB",,"","",""
"68","HI","BM","7","","TB",,"","",""
"69","HI","BM","8","","TB",,"","",""
"70","HI","BM","9","","TB",,"","",""
"71","HI","BM","10","","TB",,"","",""
"72","HI","BM","11","","BR",,"","",""
"73","HI","BM","12","","BR",,"","",""
"74","HI","BM","13","","TB",,"","",""
"75","HI","BM","14","","BR",,"","",""
"76","HI","BM","15","","BR",,"","",""
"77","HI","BM","16","","TB",,"","",""
"78","HI","BM","17","","CB",,"","",""
"79","HI","BM","18","","DT",,"","",""
"80","HI","BM","19","","EN",,"","",""
"81","HI","BM","20","","CB",,"","",""
"82","HI","BM","21","","CB",,"","",""
"83","HI","BM","22","","DT",,"","",""
"84","HI","BM","23","","DT",,"","",""
"85","HI","BM","24","","CB",,"","",""
"86","HI","BM","25","","CB",,"","",""
"87","HI","BM","26","","CB",,"","",""
"88","HI","BM","27","","CB",,"","",""
"89","HI","E2","53","","",,"","",""
"90","HI","E2","54","","CN",,"","",""
"91","HI","E2","55","","MS",,"","",""
"92","HI","E2","56","","",,"","",""
"93","HI","E2","57","","CN",,"","",""
"94","HI","E2","58","","MS",,"","",""
"95","HI","E2","59","","",,"","",""
"96","HI","E2","60","","CN",,"","",""
"97","HI","E2","61","","MS",,"","",""
"98","HI","E2","62","","",,"","",""
"99","HI","E2","63","","CN",,"","",""
"100","HI","E2","64","","MS",,"","",""
"101","HI","E2","65","","CN",,"","",""
"102","HI","E2","66","","",,"","",""
"103","HI","E2","67","","MS",,"","",""
"104","HI","E2","68","","CN",,"","",""
"105","HI","E2","69","","MS",,"","",""
"106","HI","E2","70","","MS",,"","",""
"107","HI","E2","71","","",,"","",""
"108","HI","E2","72","","DT",,"","",""
"109","HI","E2","73","","DT",,"","",""
"110","HI","E2","74","","?",,"","",""
"111","HI","E2","75","","CB",,"","",""
"112","HI","E2","76","","DT",,"","",""
"113","HI","E2","77","","DT",,"","",""
"114","HI","E2","78","","DT",,"","",""
"115","HI","E2","79","","DT",,"","",""
"116","HI","E2","80","","DT",,"","",""
"117","HI","E2","81","","CB",,"","",""
"118","HI","E2","82","","CB",,"","",""
"119","HI","E2","83","","",,"","",""
"120","HI","E2","84","","",,"","",""
"121","HI","E2","85","","CB",,"","",""
"122","HI","E4","14","","EN",,"","",""
"123","HI","E4","15","","BR",,"","",""
"124","HI","E4","16","","",,"","",""
"125","HI","E4","17","","",,"","",""
"126","HI","E4","18","","",,"","",""
"127","HI","E4","19","","",,"","",""
"128","HI","E4","20","","",,"","",""
"129","HI","E4","21","","",,"","",""
"130","HI","E4","22","","",,"","",""
"131","HI","E4","23","","CB",,"","",""
"132","HI","E4","24","","CB",,"","",""
"133","HI","E4","25","","",,"","",""
"134","HI","E4","26","","BR",,"","",""
"135","HI","E4","27","","?",,"","",""
"136","HI","E4","28","","BR",,"","",""
"137","HI","E4","29","","BR",,"","",""
"138","HI","E4","30","","CB",,"","",""
"139","HI","E4","31","","CB",,"","",""
"140","HI","E4","32","","CB",,"","",""
"141","HI","E4","33","","CB",,"","",""
"142","HI","E4","34","","DT",,"","",""
"143","HI","E4","35","","CB",,"","",""
"144","HI","E4","36","","DT",,"","",""
"145","HI","E4","37","","CB",,"","",""
"146","HI","E4","38","","DT",,"","",""
"147","HI","E4","39","","CB",,"","",""
"148","HI","E4","40","","DT",,"","",""
"149","HI","E4","41","","CN",,"","",""
"150","HI","E4","42","","",,"","",""
"151","HI","E4","43","","",,"","",""
"152","HI","E4","44","","",,"","",""
"153","HI","E4","45","","",,"","",""
"154","HI","E4","46","","",,"","",""
"155","HI","E4","47","","",,"","",""
"156","HI","E4","48","","",,"","",""
"157","HI","E4","49","","",,"","",""
"158","HI","E4","50","","CN",,"","",""
"159","HI","E4","51","","",,"","",""
"160","HI","E3","1","","TB",,"","",""
"161","HI","E3","2","","DT",,"","",""
"162","HI","E3","3","","TB",,"","",""
"163","HI","E3","4","","BR",,"","",""
"164","HI","E3","5","","TB",,"","",""
"165","HI","E3","6","","TB",,"","",""
"166","HI","E3","7","","TB",,"","",""
"167","HI","E3","8","","TB",,"","",""
"168","HI","E3","9","","BR",,"","",""
"169","HI","E3","10","","TB",,"","",""
"170","HI","E3","11","","TB",,"","",""
"171","HI","E3","12","","TB",,"","",""
"172","HI","E3","13","","TB",,"","",""
"173","HI","E3","14","","TB",,"","",""
"174","HI","E3","15","","",,"","",""
"175","HI","E3","16","","DT",,"","",""
"176","HI","E3","17","","",,"","",""
"177","HI","E3","18","","",,"","",""
"178","HI","E3","19","","DT",,"","",""
"179","HI","E3","20","","",,"","",""
"180","HI","E3","21","","DT",,"","",""
"181","HI","E3","22","","BR",,"","",""
"182","HI","E3","23","","CN",,"","",""
"183","HI","E3","24","","",,"","",""
"184","HI","E3","25","","",,"","",""
"185","HI","E3","26","","CN",,"","",""
"186","HI","E3","27","","",,"","",""
"187","HI","E3","28","","",,"","",""
"188","HI","E3","29","","",,"","",""
"189","HI","E3","30","","",,"","",""
"190","HI","E3","31","","DT",,"","",""
"191","HI","E3","32","","CN",,"","",""
"192","HI","E3","33","","CN",,"","",""
"193","HI","E3","34","","CN",,"","",""
"194","HI","E3","35","","",,"","",""
"195","HI","E3","36","","",,"","",""
"196","HI","E3","37","","CN",,"","",""
"197","HI","E3","38","","",,"","",""
"198","HI","E3","39","","CN",,"","",""
"199","HI","E3","40","","",,"","",""
"200","HI","E3","41","","",,"","",""
"201","HI","E3","42","","DT",,"","",""
"202","HI","E3","43","","DT",,"","",""
"203","HI","E3","44","","",,"","",""
"204","HI","E3","45","","",,"","",""
"205","HI","E3","46","","CN",,"","",""
"206","HI","E3","47","","",,"","",""
"207","HI","E3","48","","",,"","",""
"208","HI","E3","49","","DT",,"","",""
"209","HI","E3","50","","",,"","",""
"210","HI","E3","51","","CN",,"","",""
"211","HI","E3","52","","TB",,"","",""
"212","HI","E3","53","","TB",,"","",""
"213","HI","E3","54","","TB",,"","",""
"214","HI","E3","55","","TB",,"","",""
"215","HI","E3","56","","BR",,"","",""
"216","HI","E3","57","","TB",,"","",""
"217","HI","E3","58","","BR",,"","",""
"218","HI","E3","59","","TB",,"","",""
"219","HI","E3","60","","TB",,"","",""
"220","HI","E3","61","","TB",,"","",""
"221","HI","E3","62","","BR",,"","",""
"222","HI","E3","63","","TB",,"","",""
"223","HI","E3","64","","TB",,"","",""
"224","HI","E3","65","","TB",,"","",""
"225","HI","E3","66","","TB",,"","",""
"226","HI","E3","67","","TB",,"","",""
"227","HI","E3","68","","TB",,"","",""
"228","HI","E3","69","","BR",,"","",""
"229","HI","E3","70","","BR",,"","",""
"230","HI","E3","71","","TB",,"","",""
"231","HI","E3","72","","BR",,"","",""
"232","HI","E3","73","","TB",,"","",""
"233","HI","E3","74","","BR",,"","",""
"234","HI","E3","75","","BR",,"","",""
"235","HI","E3","76","","TB",,"","",""
"236","HI","E3","77","","BR",,"","",""
"237","HI","E3","78","","TB",,"","",""
"238","HI","E3","79","","BR",,"","",""
"239","HI","E3","80","","TB",,"","",""
"240","HI","E3","81","","BR",,"","",""
"241","HI","E3","82","","BR",,"","",""
"242","HI","E3","83","","CN",,"","",""
"243","HI","E3","84","","CN",,"","",""
"244","HI","E3","85","","MS",,"","",""
"245","HI","E3","86","","CN",,"","",""
"246","HI","E3","87","","MS",,"","",""
"247","HI","E3","88","","MS",,"","",""
"248","HI","E3","89","","MS",,"","",""
"249","HI","E3","90","","MS",,"","",""
"250","HI","E3","91","","MS",,"","",""
"251","HI","E3","92","","CN",,"","",""
"252","HI","E3","93","","MS",,"","",""
"253","HI","E3","94","","MS",,"","",""
"254","HI","E3","95","","MS",,"","",""
"255","HI","E3","96","","MS",,"","",""
"256","HI","E3","97","","CN",,"","",""
"257","HI","E3","98","","CN",,"","",""
"258","HI","E3","99","","MS",,"","",""
"259","HI","E3","100","","CN",,"","",""
"260","HI","E3","101","","MS",,"","",""
"261","HI","E3","102","","MS",,"","",""
"262","HI","E3","103","","MS",,"","",""
"263","HI","E3","104","","MS",,"","",""
"264","HI","E3","105","","MS",,"","",""
"265","HI","E3","106","","CN",,"","",""
"266","HI","E4","52","","",,"","",""
"267","HI","E4","53","","CN",,"","",""
"268","HI","E4","54","","CN",,"","",""
"269","HI","E4","55","","",,"","",""
"270","HI","E4","56","","CN",,"","",""
"271","HI","E4","57","","",,"","",""
"272","HI","E4","58","","CN",,"","",""
"273","HI","E4","59","","",,"","",""
"274","HI","E4","60","","",,"","",""
"275","HI","E4","61","","",,"","",""
"276","HI","E4","62","","",,"","",""
"277","HI","E4","63","","CN",,"","",""
"278","HI","E4","64","","",,"","",""
"279","HI","E4","65","","",,"","",""
"280","HI","E4","66","","",,"","",""
"281","HI","E4","67","","CN",,"","",""
"282","HI","E4","68","","CN",,"","",""
"283","HI","E4","69","","CN",,"","",""
"284","HI","E4","70","","CN",,"","",""
"285","HI","E4","71","","CN",,"","",""
"286","HI","E4","72","","CN",,"","",""
"287","HI","E4","73","","",,"","",""
"288","HI","E4","74","","CN",,"","",""
"289","HI","E4","75","","",,"","",""
"290","HI","E4","76","","BR",,"","",""
"291","HI","E4","77","","BR",,"","",""
"292","HI","E4","78","","",,"","",""
"293","HI","E4","79","","CN",,"","",""
"294","HI","E4","80","","BR",,"","",""
"295","HI","E4","81","","DT",,"","",""
"296","HI","E4","82","","CB",,"","",""
"297","HI","E4","83","","DT",,"","",""
"298","HI","E4","84","","DT",,"","",""
"299","HI","E4","85","","DT",,"","",""
"300","HI","E4","86","","DT",,"","",""
"301","HI","E4","87","","CB",,"","",""
"302","HI","E4","88","","DT",,"","",""
"303","HI","E4","89","","DT",,"","",""
"304","HI","E4","90","","CB",,"","",""
"305","HI","E4","91","","CB",,"","",""
"306","HI","E4","92","","DT",,"","",""
"307","HI","E4","93","","CB",,"","",""
"308","HI","E4","94","","DT",,"","",""
"309","HI","E4","95","","DT",,"","",""
"310","HI","E4","96","","DT",,"","",""
"311","HI","E4","97","","DT",,"","",""
"312","HI","E4","98","","CB",,"","",""
"313","HI","E4","99","","DT",,"","",""
"314","HI","E4","100","","DT",,"","",""
"315","HI","E4","101","","CB",,"","",""
"316","HI","E4","102","","CB",,"","",""
"317","HI","E4","103","","DT",,"","",""
"318","HI","E4","104","","CB",,"","",""
"319","HI","E4","105","","DT",,"","",""
"320","HI","E4","106","","",,"","",""
"321","HI","E4","107","","CN",,"","",""
"322","HI","E4","108","","CB",,"","",""
"323","HI","E4","109","","",,"","",""
"324","HI","E4","110","","CN",,"","",""
"325","HI","E4","111","","",,"","",""
"326","HI","E4","112","","CN",,"","",""
"327","HI","E4","113","","CN",,"","",""
"328","HI","E4","114","","",,"","",""
"329","HI","E4","115","","BR",,"","",""
"330","HI","E4","116","","BR",,"","",""
"331","HI","E4","117","","BR",,"","",""
"332","HI","E4","118","","BR",,"","",""
"333","HI","E4","119","","BR",,"","",""
"334","HI","E4","120","","BR",,"","",""
"335","HI","E4","121","","CN",,"","",""
"336","HI","E4","122","","BR",,"","",""
"337","HI","E4","123","","BR",,"","",""
"338","HI","E4","124","","BR",,"","",""
"339","HI","E4","125","","BR",,"","",""
"340","HI","E4","126","","CN",,"","",""
"341","HI","E4","127","","CN",,"","",""
"342","HI","E4","128","","BR",,"","",""
"343","HI","E4","129","","CN",,"","",""
"344","HI","E4","130","","BR",,"","",""
"345","HI","E4","131","","BR",,"","",""
"346","HI","E4","132","","CN",,"","",""
"347","HI","E4","133","","CN",,"","",""
"348","HI","E4","134","","BR",,"","",""
"349","HI","E4","135","","BR",,"","",""
"350","HI","E4","136","","",,"","",""
"351","HI","E4","137","","CN",,"","",""
"352","HI","E4","138","","BR",,"","",""
"353","HI","E4","139","","",,"","",""
"354","HI","E4","140","","",,"","",""
"355","HI","E4","141","","CB",,"","",""
"356","HI","E4","142","","",,"","",""
"357","HI","E4","143","","",,"","",""
"358","HI","E4","144","","",,"","",""
"359","HI","E4","145","","",,"","",""
"360","HI","E4","146","","",,"","",""
"361","HI","E4","147","","",,"","",""
"362","HI","E4","148","","",,"","",""
"363","HI","E4","149","","",,"","",""
"364","HI","E4","150","","",,"","",""
"365","HI","E5","49","","CN",,"","",""
"366","HI","E5","50","","CN",,"","",""
"367","HI","E5","51","","CN",,"","",""
"368","HI","E5","52","","BR",,"","",""
"369","HI","E5","53","","CN",,"","",""
"370","HI","E5","54","","CN",,"","",""
"371","HI","E5","55","","MS",,"","",""
"372","HI","E5","56","","MS",,"","",""
"373","HI","E5","57","","BR",,"","",""
"374","HI","E5","58","","BR",,"","",""
"375","HI","E5","59","","BR",,"","",""
"376","HI","E5","60","","CN",,"","",""
"377","HI","E5","61","","MS",,"","",""
"378","HI","E5","62","","BR",,"","",""
"379","HI","E5","63","","CN",,"","",""
"380","HI","E5","64","","CN",,"","",""
"381","HI","E5","65","","MS",,"","",""
"382","HI","E5","66","","CN",,"","",""
"383","HI","E5","67","","",,"","",""
"384","HI","E5","68","","",,"","",""
"385","HI","E5","69","","TB",,"","",""
"386","HI","E5","70","","",,"","",""
"387","HI","E5","71","","TB",,"","",""
"388","HI","E5","72","","BR",,"","",""
"389","HI","E5","73","","BR",,"","",""
"390","HI","E5","74","","CN",,"","",""
"391","HI","E5","75","","CN",,"","",""
"392","HI","E5","76","","TB",,"","",""
"393","HI","E5","77","","TB",,"","",""
"394","HI","E5","78","","",,"","",""
"395","HI","E5","79","","CN",,"","",""
"396","HI","E5","80","","MS",,"","",""
"397","HI","E5","81","","MS",,"","",""
"398","HI","E5","82","","CN",,"","",""
"399","HI","E5","83","","CN",,"","",""
"400","HI","E5","84","","CN",,"","",""
"401","HI","E5","85","","MS",,"","",""
"402","HI","E5","86","","",,"","",""
"403","HI","E5","87","","",,"","",""
"404","HI","E5","88","","",,"","",""
"405","HI","E5","89","","CN",,"","",""
"406","HI","E5","90","","CN",,"","",""
"407","HI","E5","91","","CN",,"","",""
"408","HI","E5","92","","BR",,"","",""
"409","HI","E5","93","","BR",,"","",""
"410","HI","E5","94","","BR",,"","",""
"411","HI","E5","95","","",,"","",""
"412","HI","E5","96","","CN",,"","",""
"413","HI","E5","97","","MS",,"","",""
"414","HI","E5","98","","TB",,"","",""
"415","HI","E5","99","","MS",,"","",""
"416","HI","E5","100","","CN",,"","",""
"417","HI","E5","101","","CN",,"","",""
"418","HI","E5","102","","MS",,"","",""
"419","HI","E5","103","","CN",,"","",""
"420","HI","E5","104","","CN",,"","",""
"421","HI","E5","105","","BR",,"","",""
"422","HI","E5","106","","MS",,"","",""
"423","HI","E5","107","","CN",,"","",""
"424","HI","E5","108","","CN",,"","",""
"425","HI","E5","109","","CN",,"","",""
"426","HI","E5","110","","CN",,"","",""
"427","HI","E5","111","","MS",,"","",""
"428","HI","E5","112","","MS",,"","",""
"429","HI","E5","113","","MS",,"","",""
"430","HI","E5","114","","CN",,"","",""
"431","HI","E5","115","","BR",,"","",""
"432","HI","E5","116","","MS",,"","",""
"433","HI","E5","117","","CN",,"","",""
"434","HI","E5","118","","MS",,"","",""
"435","HI","E5","119","","CN",,"","",""
"436","HI","E5","120","","MS",,"","",""
"437","HI","E5","121","","MS",,"","",""
"438","HI","E5","122","","TB",,"","",""
"439","HI","E5","123","","DT",,"","",""
"440","HI","E5","124","","",,"","",""
"441","HI","E5","125","","TB",,"","",""
"442","HI","E5","126","","DT",,"","",""
"443","HI","E5","127","","DT",,"","",""
"444","HI","E5","128","","",,"","",""
"445","HI","E5","129","","",,"","",""
"446","HI","E5","130","","DT",,"","",""
"447","HI","E5","131","","TB",,"","",""
"448","HI","E5","132","","DT",,"","",""
"449","HI","E5","133","","DT",,"","",""
"450","HI","E5","134","","",,"","",""
"451","HI","E5","135","","TB",,"","",""
"452","HI","E5","136","","",,"","",""
"453","HI","E5","137","","TB",,"","",""
"454","HI","E5","138","","",,"","",""
"455","HI","E5","139","","",,"","",""
"456","HI","E5","140","","TB",,"","",""
"457","HI","E5","141","","TB",,"","",""
"458","HI","E5","142","","",,"","",""
"459","HI","E5","143","","",,"","",""
"460","HI","E5","144","","TB",,"","",""
"461","HI","E5","145","","",,"","",""
"462","HI","E5","146","","",,"","",""
"463","HI","E5","147","","",,"","",""
"464","HI","E5","148","","",,"","",""
"465","HI","E5","149","","",,"","",""
"466","HI","E5","150","","DT",,"","",""
"467","HI","E5","151","","",,"","",""
"468","HI","E5","152","","",,"","",""
"469","HI","E5","153","","DT",,"","",""
"470","HI","E5","154","","",,"","",""
"471","HI","E5","155","","TB",,"","",""
"472","HI","E5","156","","",,"","",""
"473","HI","E5","157","","TB",,"","",""
"474","HI","E5","158","","",,"","",""
"475","HI","E5","159","","",,"","",""
"476","HI","E5","160","","",,"","",""
"477","HI","E5","161","","DT",,"","",""
"478","HI","E5","162","","",,"","",""
"479","HI","E5","163","","",,"","",""
"480","HI","E5","164","","",,"","",""
"481","HI","E5","165","","",,"","",""
"482","HI","E5","166","","DT",,"","",""
"483","HI","E5","167","","",,"","",""
"484","HI","E5","168","","DT",,"","",""
"485","HI","E5","169","","DT",,"","",""
"486","HI","E5","170","","",,"","",""
"487","HI","E5","171","","DT",,"","",""
"488","HI","E5","172","","",,"","",""
"489","HI","E5","173","","DT",,"","",""
"490","HI","E5","174","","",,"","",""
"491","HI","E5","175","","",,"","",""
"492","HI","E5","176","","DT",,"","",""
"493","HI","E5","177","","",,"","",""
"494","HI","E5","178","","",,"","",""
"495","HI","E5","179","","",,"","",""
"496","HI","E5","180","","",,"","",""
"497","HI","E5","181","","",,"","",""
"498","HI","E5","182","","",,"","",""
"499","HI","E5","183","","DT",,"","",""
"500","HI","E5","184","","",,"","",""
"501","HI","E5","185","","DT",,"","",""
"502","HI","E5","186","","DT",,"","",""
"503","HI","E5","187","","",,"","",""
"504","HI","E5","188","","",,"","",""
"505","HI","E5","189","","",,"","",""
"506","HI","E5","190","","",,"","",""
"507","HI","E5","191","","DT",,"","",""
"508","HI","E5","192","","",,"","",""
"509","HI","E5","193","","DT",,"","",""
"510","HI","E5","194","","DT",,"","",""
"511","HI","E5","195","","",,"","",""
"512","HI","E5","196","","DT",,"","",""
"513","HI","E5","197","","DT",,"","",""
"514","HI","E5","198","","DT",,"","",""
"515","HI","E5","199","","",,"","",""
"516","HI","E5","200","","CN",,"","",""
"517","HI","E5","201","","MS",,"","",""
"518","HI","E5","202","","MS",,"","",""
"519","HI","E5","203","","MS",,"","",""
"520","HI","E5","204","","MS",,"","",""
"521","HI","E5","205","","MS",,"","",""
"522","HI","E5","206","","CN",,"","",""
"523","HI","E5","207","","MS",,"","",""
"524","HI","E5","208","","MS",,"","",""
"525","HI","E5","209","","CN",,"","",""
"526","HI","E5","210","","CN",,"","",""
"527","HI","E5","211","","CN",,"","",""
"528","HI","E5","212","","MS",,"","",""
"529","HI","E5","213","","CN",,"","",""
"530","HI","E5","214","","CN",,"","",""
"531","HI","E5","215","","CN",,"","",""
"532","HI","E5","216","","CN",,"","",""
"533","HI","E5","217","","MS",,"","",""
"534","HI","E5","218","","CN",,"","",""
"535","HI","E5","219","","CN",,"","",""
"536","HI","E5","220","","MS",,"","",""
"537","HI","E5","221","","MS",,"","",""
"538","HI","E5","222","","MS",,"","",""
"539","HI","E5","223","","MS",,"","",""
"540","HI","E5","224","","CN",,"","",""
"541","HI","E5","225","","MS",,"","",""
"542","HI","E5","226","","MS",,"","",""
"543","HI","E5","227","","MS",,"","",""
"544","HI","E5","228","","CN",,"","",""
"545","HI","E5","229","","CN",,"","",""
"546","HI","E5","230","","MS",,"","",""
"547","HI","E5","231","","TB",,"","",""
"548","HI","E5","232","","TB",,"","",""
"549","HI","E5","233","","BR",,"","",""
"550","HI","E5","234","","TB",,"","",""
"551","HI","E5","235","","TB",,"","",""
"552","HI","E5","236","","BR",,"","",""
"553","HI","E5","237","","BR",,"","",""
"554","HI","E5","238","","BR",,"","",""
"555","HI","E5","239","","BR",,"","",""
"556","HI","E5","240","","TB",,"","",""
"557","HI","E5","241","","TB",,"","",""
"558","HI","E5","242","","TB",,"","",""
"559","HI","E5","243","","TB",,"","",""
"560","HI","E5","244","","TB",,"","",""
"561","HI","E5","245","","TB",,"","",""
"562","HI","E5","246","","BR",,"","",""
"563","HI","E5","247","","TB",,"","",""
"564","HI","E5","248","","BR",,"","",""
"565","HI","E5","249","","TB",,"","",""
"566","HI","E5","250","","TB",,"","",""
"567","HI","E5","251","","BR",,"","",""
"568","HI","E5","252","","TB",,"","",""
"569","HI","E5","253","","BR",,"","",""
"570","HI","E5","254","","TB",,"","",""
"571","HI","E5","255","","BR",,"","",""
"572","HI","E5","256","","TB",,"","",""
"573","HI","E5","257","","TB",,"","",""
"574","HI","E5","258","","BR",,"","",""
"575","HI","E5","259","","TB",,"","",""
"576","HI","E5","260","","BR",,"","",""
"577","HI","E2","1","","CN",,"","",""
"578","HI","E2","2","","CN",,"","",""
"579","HI","E2","3","","MS",,"","",""
"580","HI","E2","4","","MS",,"","",""
"581","HI","E2","5","","MS",,"","",""
"582","HI","E2","6","","CN",,"","",""
"583","HI","E2","7","","MS",,"","",""
"584","HI","E2","8","","MS",,"","",""
"585","HI","E2","9","","CN",,"","",""
"586","HI","E2","10","","MS",,"","",""
"587","HI","E2","11","","CN",,"","",""
"588","HI","E2","12","","MS",,"","",""
"589","HI","E2","13","","MS",,"","",""
"590","HI","E2","14","","CN",,"","",""
"591","HI","E2","15","","MS",,"","",""
"592","HI","E2","16","","CN",,"","",""
"593","HI","E2","17","","CN",,"","",""
"594","HI","E2","18","","CN",,"","",""
"595","HI","E2","19","","MS",,"","",""
"596","HI","E2","20","","MS",,"","",""
"597","HI","E2","21","","MS",,"","",""
"598","HI","E2","22","","MS",,"","",""
"599","HI","E2","23","","CN",,"","",""
"600","HI","E2","24","","MS",,"","",""
"601","HI","E2","25","","CN",,"","",""
"602","HI","E2","26","","MS",,"","",""
"603","HI","E2","27","","MS",,"","",""
"604","HI","E2","28","","MS",,"","",""
"605","HI","E2","29","","MS",,"","",""
"606","HI","E2","30","","CN",,"","",""
"607","HI","E2","31","","MS",,"","",""
"608","HI","E2","32","","MS",,"","",""
"609","HI","E2","33","","CN",,"","",""
"610","HI","E2","34","","CN",,"","",""
"611","HI","E2","35","","CN",,"","",""
"612","HI","E2","36","","MS",,"","",""
"613","HI","E2","37","","CN",,"","",""
"614","HI","E2","38","","MS",,"","",""
"615","HI","E2","39","","MS",,"","",""
"616","HI","E2","40","","MS",,"","",""
"617","HI","E2","41","","CN",,"","",""
"618","HI","E2","42","","MS",,"","",""
"619","HI","E2","43","","CN",,"","",""
"620","HI","E2","44","","MS",,"","",""
"621","HI","E2","45","","CN",,"","",""
"622","HI","E2","46","","MS",,"","",""
"623","HI","E2","47","","MS",,"","",""
"624","HI","E2","48","","CN",,"","",""
"625","HI","E2","49","","CN",,"","",""
"626","HI","E2","50","","MS",,"","",""
"627","HI","E2","51","","CN",,"","",""
"628","HI","E2","52","","CN",,"","",""
"629","HI","E2","86","","CB",,"","",""
"630","HI","E2","87","","CB",,"","",""
"631","HI","E2","88","","CB",,"","",""
"632","HI","E2","89","","DT",,"","",""
"633","HI","E2","90","","DT",,"","",""
"634","HI","E2","91","","DT",,"","",""
"635","HI","E2","92","","DT",,"","",""
"636","HI","E2","93","","DT",,"","",""
"637","HI","E2","94","","DT",,"","",""
"638","HI","E2","95","","DT",,"","",""
"639","HI","E2","96","","CB",,"","",""
"640","HI","E2","97","","DT",,"","",""
"641","HI","E2","98","","DT",,"","",""
"642","HI","E2","99","","CB",,"","",""
"643","HI","E2","100","","DT",,"","",""
"644","HI","E2","101","","CB",,"","",""
"645","HI","E2","102","","CB",,"","",""
"646","HI","E2","103","","DT",,"","",""
"647","HI","E2","104","","CB",,"","",""
"648","HI","E2","105","","DT",,"","",""
"649","HI","E2","106","","CB",,"","",""
"650","HI","E2","107","","CB",,"","",""
"651","HI","E2","108","","CN",,"","",""
"652","HI","E2","109","","CN",,"","",""
"653","HI","E2","110","","CN",,"","",""
"654","HI","E2","111","","MS",,"","",""
"655","HI","E2","112","","CN",,"","",""
"656","HI","E2","113","","MS",,"","",""
"657","HI","E2","114","","MS",,"","",""
"658","HI","E2","115","","CN",,"","",""
"659","HI","E2","116","","MS",,"","",""
"660","HI","E2","117","","MS",,"","",""
"661","HI","E2","118","","CN",,"","",""
"662","HI","E2","119","","MS",,"","",""
"663","HI","E2","120","","CN",,"","",""
"664","HI","E2","121","","MS",,"","",""
"665","HI","E2","122","","MS",,"","",""
"666","HI","E2","123","","MS",,"","",""
"667","HI","E2","124","","MS",,"","",""
"668","HI","E2","125","","MS",,"","",""
"669","HI","E2","126","","CN",,"","",""
"670","HI","E2","127","","CN",,"","",""
"671","HI","E2","128","","MS",,"","",""
"672","HI","E2","129","","MS",,"","",""
"673","HI","E2","130","","CN",,"","",""
"674","HI","E2","131","","CN",,"","",""
"675","HI","E2","132","","",,"","",""
"676","HI","E2","133","","",,"","",""
"677","HI","E2","134","","",,"","",""
"678","HI","E2","135","","",,"","",""
"679","HI","E2","136","","",,"","",""
"680","HI","E2","137","","",,"","",""
"681","HI","E2","138","","",,"","",""
"682","HI","E2","139","","",,"","",""
"683","HI","E2","140","","",,"","",""
"684","HI","E2","141","","",,"","",""
"685","HI","E2","142","","",,"","",""
"686","HI","E2","143","","",,"","",""
"687","HI","E2","144","","",,"","",""
"688","HI","E2","145","","",,"","",""
"689","HI","E2","146","","",,"","",""
"690","HI","E2","147","","",,"","",""
"691","HI","E2","148","","",,"","",""
"692","HI","E2","149","","",,"","",""
"693","HI","E2","150","","",,"","",""
"694","HI","E2","151","","",,"","",""
"695","HI","E2","152","","",,"","",""
"696","HI","E2","153","","",,"","",""
"697","HI","E2","154","","",,"","",""
"698","HI","E2","155","","",,"","",""
"699","HI","E2","156","","",,"","",""
"700","HI","E2","157","","",,"","",""
"701","HI","E2","158","","",,"","",""
"702","HI","E2","159","","",,"","",""
"703","HI","E2","160","","",,"","",""
"704","HI","E2","161","","",,"","",""
"705","HI","E2","162","","",,"","",""
"706","HI","E2","163","","",,"","",""
"707","HI","E2","164","","",,"","",""
"708","HI","E2","165","","",,"","",""
"709","HI","E2","166","","",,"","",""
"710","HI","E2","167","","",,"","",""
"711","HI","E2","168","","",,"","",""
"712","HI","E2","169","","",,"","",""
"713","HI","E2","170","","",,"","",""
"714","HI","E2","171","","",,"","",""
"715","HI","E2","172","","",,"","",""
"716","HI","E2","173","","",,"","",""
"717","HI","E2","174","","",,"","",""
"718","HI","E2","175","","CB",,"","",""
"719","HI","E2","176","","",,"","",""
"720","HI","E2","177","","",,"","",""
"721","HI","E2","178","","",,"","",""
"722","HI","E2","179","","CB",,"","",""
"723","HI","E2","180","","CB",,"","",""
"724","HI","E2","181","","CB",,"","",""
"725","HI","E2","182","","",,"","",""
"726","HI","E2","183","","",,"","",""
"727","HI","E2","184","","",,"","",""
"728","HI","E2","185","","",,"","",""
"729","HI","E2","186","","",,"","",""
"730","HI","E2","187","","",,"","",""
"731","HI","E2","188","","",,"","",""
"732","HI","E2","189","","",,"","",""
"733","HI","E2","190","","",,"","",""
"734","HI","E2","191","","",,"","",""
"735","HI","E2","192","","",,"","",""
"736","HI","E2","193","","",,"","",""
"737","HI","E2","194","","",,"","",""
"738","HI","E2","195","","",,"","",""
"739","HI","E2","196","","",,"","",""
"740","HI","E2","197","","",,"","",""
"741","HI","E2","198","","",,"","",""
"742","HI","E2","199","","CB",,"","",""
"743","HI","E2","200","","",,"","",""
"744","HI","E2","201","","",,"","",""
"745","HI","E2","202","","",,"","",""
"746","HI","E2","203","","",,"","",""
"747","HI","E2","204","","",,"","",""
"748","HI","E2","205","","",,"","",""
"749","HI","E2","206","","",,"","",""
"750","HI","E2","207","","",,"","",""
"751","HI","E2","208","","",,"","",""
"752","HI","E2","209","","",,"","",""
"753","HI","E2","210","","DT",,"","",""
"754","HI","E2","211","","DT",,"","",""
"755","HI","E2","212","","CB",,"","",""
"756","HI","E2","213","","DT",,"","",""
"757","HI","E2","214","","DT",,"","",""
"758","HI","E2","215","","DT",,"","",""
"759","HI","E2","216","","CB",,"","",""
"760","HI","E2","217","","DT",,"","",""
"761","HI","E2","218","","CB",,"","",""
"762","HI","E2","219","","DT",,"","",""
"763","HI","E2","220","","DT",,"","",""
"764","HI","E2","221","","DT",,"","",""
"765","HI","E2","222","","CB",,"","",""
"766","HI","E2","223","","CB",,"","",""
"767","HI","E2","224","","DT",,"","",""
"768","HI","E2","225","","CB",,"","",""
"769","HI","E2","226","","CB",,"","",""
"770","HI","E2","227","","",,"","",""
"771","HI","E2","228","","CB",,"","",""
"772","HI","E2","229","","CB",,"","",""
"773","HI","E2","230","","DT",,"","",""
"774","HI","E2","231","","CB",,"","",""
"775","HI","E2","232","","CB",,"","",""
"776","HI","E2","233","","DT",,"","",""
"777","HI","E2","234","","CB",,"","",""
"778","HI","E2","235","","CB",,"","",""
"779","HI","E2","236","","CB",,"","",""
"780","HI","E2","237","","DT",,"","",""
"781","HI","E2","238","","CB",,"","",""
"782","HI","E2","239","","DT",,"","",""
"783","HI","E2","240","","DT",,"","",""
"784","HI","E2","241","","DT",,"","",""
"785","HI","E2","242","","CB",,"","",""
"786","HI","E2","243","","DT",,"","",""
"787","HI","E2","244","","CB",,"","",""
"788","HI","E2","245","","CB",,"","",""
"789","HI","E2","246","","CB",,"","",""
"790","HI","E2","247","","CB",,"","",""
"791","HI","E2","248","","DT",,"","",""
"792","HI","E2","249","","CB",,"","",""
"793","HI","E2","250","","CB",,"","",""
"794","HI","E2","251","","CB",,"","",""
"795","HI","E2","252","","CB",,"","",""
"796","HI","E2","253","","DT",,"","",""
"797","HI","E2","254","","DT",,"","",""
"798","HI","E2","255","","DT",,"","",""
"799","HI","E2","256","","DT",,"","",""
"800","HI","E2","257","","DT",,"","",""
"801","HI","E2","258","","CB",,"","",""
"802","HI","E2","259","","CB",,"","",""
"803","HI","E2","260","","CB",,"","",""
"804","HI","E2","261","","",,"","",""
"805","HI","E2","262","","",,"","",""
"806","HI","E2","263","","",,"","",""
"807","HI","E2","264","","DT",,"","",""
"808","HI","E2","265","","",,"","",""
"809","HI","E2","266","","",,"","",""
"810","HI","E2","267","","",,"","",""
"811","HI","E2","268","","",,"","",""
"812","HI","E2","269","","",,"","",""
"813","HI","E2","270","","",,"","",""
"814","HI","E2","271","","",,"","",""
"815","HI","E2","272","","",,"","",""
"816","HI","E2","273","","",,"","",""
"817","HI","E2","274","","",,"","",""
"818","HI","E2","275","","",,"","",""
"819","HI","E2","276","","",,"","",""
"820","HI","E2","277","","",,"","",""
"821","HI","E2","278","","",,"","",""
"822","HI","E2","279","","",,"","",""
"823","HI","E2","280","","",,"","",""
"824","HI","E2","281","","",,"","",""
"825","HI","E2","282","","",,"","",""
"826","HI","E2","283","","",,"","",""
"827","HI","E2","284","","CB",,"","",""
"828","HI","E2","285","","",,"","",""
"829","HI","E2","286","","DT",,"","",""
"830","HI","E2","287","","",,"","",""
"831","HI","E2","288","","",,"","",""
"832","HI","E2","289","","",,"","",""
"833","HI","E3","107","","CN",,"","",""
"834","HI","E3","108","","MS",,"","",""
"835","HI","E3","109","","CN",,"","",""
"836","HI","E3","110","","MS",,"","",""
"837","HI","E3","111","","MS",,"","",""
"838","HI","E3","112","","CN",,"","",""
"839","HI","E3","113","","CN",,"","",""
"840","HI","E3","114","","CN",,"","",""
"841","HI","E3","115","","MS",,"","",""
"842","HI","E3","116","","MS",,"","",""
"843","HI","E3","117","","CN",,"","",""
"844","HI","E3","118","","MS",,"","",""
"845","HI","E3","119","","MS",,"","",""
"846","HI","E3","120","","CN",,"","",""
"847","HI","E3","121","","CN",,"","",""
"848","HI","E3","122","","MS",,"","",""
"849","HI","E3","123","","MS",,"","",""
"850","HI","E3","124","","CN",,"","",""
"851","HI","E3","125","","MS",,"","",""
"852","HI","E3","126","","TB",,"","",""
"853","HI","E3","127","","CN",,"","",""
"854","HI","E3","128","","CN",,"","",""
"855","HI","E3","129","","MS",,"","",""
"856","HI","E3","130","","CN",,"","",""
"857","HI","E3","131","","CN",,"","",""
"858","HI","E3","132","","TB",,"","",""
"859","HI","E3","133","","BR",,"","",""
"860","HI","E3","134","","TB",,"","",""
"861","HI","E3","135","","TB",,"","",""
"862","HI","E3","136","","CN",,"","",""
"863","HI","E3","137","","TB",,"","",""
"864","HI","E3","138","","BR",,"","",""
"865","HI","E3","139","","BR",,"","",""
"866","HI","E3","140","","BR",,"","",""
"867","HI","E3","141","","BR",,"","",""
"868","HI","E3","142","","TB",,"","",""
"869","HI","E3","143","","TB",,"","",""
"870","HI","E3","144","","BR",,"","",""
"871","HI","E3","145","","TB",,"","",""
"872","HI","E3","146","","DT",,"","",""
"873","HI","E3","147","","DT",,"","",""
"874","HI","E3","148","","DT",,"","",""
"875","HI","E3","149","","DT",,"","",""
"876","HI","E3","150","","DT",,"","",""
"877","HI","E3","151","","DT",,"","",""
"878","HI","E3","152","","",,"","",""
"879","HI","E3","153","","",,"","",""
"880","HI","E3","154","","",,"","",""
"881","HI","E3","155","","",,"","",""
"882","HI","E3","156","","",,"","",""
"883","HI","E3","157","","",,"","",""
"884","HI","E3","158","","DT",,"","",""
"885","HI","E3","159","","",,"","",""
"886","HI","E3","160","","",,"","",""
"887","HI","E3","161","","",,"","",""
"888","HI","E3","162","","DT",,"","",""
"889","HI","E3","163","","",,"","",""
"890","HI","E3","164","","",,"","",""
"891","HI","E3","165","","",,"","",""
"892","HI","E3","166","","DT",,"","",""
"893","HI","E3","167","","",,"","",""
"894","HI","E3","168","","",,"","",""
"895","HI","E3","169","","",,"","",""
"896","HI","E3","170","","",,"","",""
"897","HI","E3","171","","MS",,"","",""
"898","LI","E5","1","","BR",,"","",""
"899","LI","E5","2","","BR",,"","",""
"900","LI","E5","3","","BR",,"","",""
"901","LI","E5","4","","BR",,"","",""
"902","LI","E5","5","","BR",,"","",""
"903","LI","E5","6","","BR",,"","",""
"904","LI","E5","7","","BR",,"","",""
"905","LI","E5","8","","BR",,"","",""
"906","LI","E5","9","","BR",,"","",""
"907","LI","E5","10","","BR",,"","",""
"908","LI","E5","11","","BR",,"","",""
"909","LI","E5","12","","BR",,"","",""
"910","LI","E5","13","","BR",,"","",""
"911","LI","E5","14","","BR",,"","",""
"912","LI","E5","15","","BR",,"","",""
"913","LI","E5","16","","BR",,"","",""
"914","LI","E5","17","","BR",,"","",""
"915","LI","E5","18","","BR",,"","",""
"916","LI","E5","19","","BR",,"","",""
"917","LI","E5","20","","BR",,"","",""
"918","LI","E5","21","","BR",,"","",""
"919","LI","E5","22","","BR",,"","",""
"920","LI","E5","23","","BR",,"","",""
"921","LI","E5","24","","BR",,"","",""
"922","LI","E5","25","","BR",,"","",""
"923","LI","E5","26","","BR",,"","",""
"924","LI","E5","27","","BR",,"","",""
"925","LI","E5","28","","BR",,"","",""
"926","LI","E5","29","","BR",,"","",""
"927","LI","E5","30","","BR",,"","",""
"928","LI","E5","31","","BR",,"","",""
"929","LI","E5","32","","BR",,"","",""
"930","LI","E5","33","","BR",,"","",""
"931","LI","E5","34","","BR",,"","",""
"932","LI","E5","35","","BR",,"","",""
"933","LI","E5","36","","BR",,"","",""
"934","LI","E5","37","","BR",,"","",""
"935","LI","E5","38","","BR",,"","",""
"936","LI","E5","39","","CB",,"","",""
"937","LI","E5","40","","CB",,"","",""
"938","LI","E5","41","","CB",,"","",""
"939","LI","E5","42","","CB",,"","",""
"940","LI","E5","43","","CB",,"","",""
"941","LI","E5","44","","CB",,"","",""
"942","LI","E5","45","","CB",,"","",""
"943","LI","E5","46","","CB",,"","",""
"944","LI","E5","47","","CB",,"","",""
"945","LI","E5","48","","CB",,"","",""
"946","LI","E5","49","","CB",,"","",""
"947","LI","E5","50","","CB",,"","",""
"948","LI","E5","51","","CB",,"","",""
"949","LI","E5","52","","CB",,"","",""
"950","LI","E5","53","","TB",,"","",""
"951","LI","E5","54","","CB",,"","",""
"952","LI","E5","55","","CB",,"","",""
"953","LI","E5","56","","CB",,"","",""
"954","LI","E5","57","","CB",,"","",""
"955","LI","E5","58","","CB",,"","",""
"956","LI","E5","59","","CB",,"","",""
"957","LI","E5","60","","CB",,"","",""
"958","LI","E5","61","","CB",,"","",""
"959","LI","E5","62","","CB",,"","",""
"960","LI","E5","63","","CB",,"","",""
"961","LI","E5","64","","CB",,"","",""
"962","LI","E5","65","","CB",,"","",""
"963","LI","E5","66","","CB",,"","",""
"964","LI","E5","67","","CB",,"","",""
"965","LI","E5","68","","CB",,"","",""
"966","LI","E5","69","","CB",,"","",""
"967","LI","E5","70","","CB",,"","",""
"968","LI","E5","71","","CB",,"","",""
"969","LI","E5","72","","CB",,"","",""
"970","LI","E5","73","","CB",,"","",""
"971","LI","E5","74","","BR",,"","",""
"972","LI","E5","75","","CB",,"","",""
"973","LI","E5","76","","CB",,"","",""
"974","LI","E5","77","","CB",,"","",""
"975","LI","E5","78","","CB",,"","",""
"976","LI","E5","79","","CN",,"","",""
"977","LI","E5","80","","CN",,"","",""
"978","LI","E5","81","","CN",,"","",""
"979","LI","E5","82","","CN",,"","",""
"980","LI","E5","83","","CN",,"","",""
"981","LI","E5","84","","CN",,"","",""
"982","LI","E5","85","","CN",,"","",""
"983","LI","E5","86","","CN",,"","",""
"984","LI","E5","87","","CN",,"","",""
"985","LI","E5","88","","CN",,"","",""
"986","LI","E5","89","","CN",,"","",""
"987","LI","E5","90","","CN",,"","",""
"988","LI","E5","91","","CN",,"","",""
"989","LI","E5","92","","CN",,"","",""
"990","LI","E5","93","","CN",,"","",""
"991","LI","E5","94","","CN",,"","",""
"992","LI","E5","95","","CN",,"","",""
"993","LI","E5","96","","CN",,"","",""
"994","LI","E5","97","","CN",,"","",""
"995","LI","E5","98","","CN",,"","",""
"996","LI","E5","99","","CN",,"","",""
"997","LI","E5","100","","CN",,"","",""
"998","LI","E5","101","","CN",,"","",""
"999","LI","E5","102","","CN",,"","",""
"1000","LI","E5","103","","CN",,"","",""
"1001","LI","E5","104","","CN",,"","",""
"1002","LI","E5","105","","CN",,"","",""
"1003","LI","E5","106","","CN",,"","",""
"1004","LI","E5","107","","CN",,"","",""
"1005","LI","E5","108","","CN",,"","",""
"1006","LI","E5","109","","CN",,"","",""
"1007","LI","E5","110","","CN",,"","",""
"1008","LI","E5","111","","CN",,"","",""
"1009","LI","E5","112","","CN",,"","",""
"1010","LI","E5","113","","DT",,"","",""
"1011","LI","E5","114","","DT",,"","",""
"1012","LI","E5","115","","DT",,"","",""
"1013","LI","E5","116","","DT",,"","",""
"1014","LI","E5","117","","DT",,"","",""
"1015","LI","E5","118","","DT",,"","",""
"1016","LI","E5","119","","DT",,"","",""
"1017","LI","E5","120","","DT",,"","",""
"1018","LI","E5","121","","DT",,"","",""
"1019","LI","E5","122","","DT",,"","",""
"1020","LI","E5","123","","DT",,"","",""
"1021","LI","E5","124","","DT",,"","",""
"1022","LI","E5","125","","DT",,"","",""
"1023","LI","E5","126","","DT",,"","",""
"1024","LI","E5","127","","DT",,"","",""
"1025","LI","E5","128","","DT",,"","",""
"1026","LI","E5","129","","DT",,"","",""
"1027","LI","E5","130","","DT",,"","",""
"1028","LI","E5","131","","DT",,"","",""
"1029","LI","E5","132","","DT",,"","",""
"1030","LI","E5","133","","DT",,"","",""
"1031","LI","E5","134","","DT",,"","",""
"1032","LI","E5","135","","DT",,"","",""
"1033","LI","E5","136","","DT",,"","",""
"1034","LI","E5","137","","DT",,"","",""
"1035","LI","E5","138","","DT",,"","",""
"1036","LI","E5","139","","DT",,"","",""
"1037","LI","E5","140","","DT",,"","",""
"1038","LI","E5","141","","DT",,"","",""
"1039","LI","E5","142","","DT",,"","",""
"1040","LI","E5","143","","DT",,"","",""
"1041","LI","E5","144","","DT",,"","",""
"1042","LI","E5","145","","DT",,"","",""
"1043","LI","E5","146","","EN",,"","",""
"1044","LI","E5","147","","FL",,"","",""
"1045","LI","E5","148","","FL",,"","",""
"1046","LI","E5","149","","FL",,"","",""
"1047","LI","E5","150","","FL",,"","",""
"1048","LI","E5","151","","FL",,"","",""
"1049","LI","E5","152","","MS",,"","",""
"1050","LI","E5","153","","MS",,"","",""
"1051","LI","E5","154","","MS",,"","",""
"1052","LI","E5","155","","MS",,"","",""
"1053","LI","E5","156","","MS",,"","",""
"1054","LI","E5","157","","MS",,"","",""
"1055","LI","E5","158","","MS",,"","",""
"1056","LI","E5","159","","MS",,"","",""
"1057","LI","E5","160","","MS",,"","",""
"1058","LI","E5","161","","MS",,"","",""
"1059","LI","E5","162","","MS",,"","",""
"1060","LI","E5","163","","MS",,"","",""
"1061","LI","E5","164","","MS",,"","",""
"1062","LI","E5","165","","MS",,"","",""
"1063","LI","E5","166","","MS",,"","",""
"1064","LI","E5","167","","MS",,"","",""
"1065","LI","E5","168","","MS",,"","",""
"1066","LI","E5","169","","MS",,"","",""
"1067","LI","E5","170","","MS",,"","",""
"1068","LI","E5","171","","MS",,"","",""
"1069","LI","E5","172","","MS",,"","",""
"1070","LI","E5","173","","MS",,"","",""
"1071","LI","E5","174","","MS",,"","",""
"1072","LI","E5","175","","MS",,"","",""
"1073","LI","E5","176","","MS",,"","",""
"1074","LI","E5","177","","MS",,"","",""
"1075","LI","E5","178","","MS",,"","",""
"1076","LI","E5","179","","MS",,"","",""
"1077","LI","E5","180","","MS",,"","",""
"1078","LI","E5","181","","MS",,"","",""
"1079","LI","E5","182","","MS",,"","",""
"1080","LI","E5","183","","MS",,"","",""
"1081","LI","E5","184","","MS",,"","",""
"1082","LI","E5","185","","MS",,"","",""
"1083","LI","E5","186","","MS",,"","",""
"1084","LI","E5","187","","MS",,"","",""
"1085","LI","E5","188","","MS",,"","",""
"1086","LI","E5","189","","MS",,"","",""
"1087","LI","E5","190","","MS",,"","",""
"1088","LI","E5","191","","MS",,"","",""
"1089","LI","E5","192","","MS",,"","",""
"1090","LI","E5","193","","MS",,"","",""
"1091","LI","E5","194","","TB",,"","",""
"1092","LI","E5","195","","TB",,"","",""
"1093","LI","E5","196","","TB",,"","",""
"1094","LI","E5","197","","TB",,"","",""
"1095","LI","E5","198","","TB",,"","",""
"1096","LI","E5","199","","TB",,"","",""
"1097","LI","E5","200","","TB",,"","",""
"1098","LI","E5","201","","TB",,"","",""
"1099","LI","E5","202","","TB",,"","",""
"1100","LI","E5","203","","TB",,"","",""
"1101","LI","E5","204","","TB",,"","",""
"1102","LI","E5","205","","TB",,"","",""
"1103","LI","E5","206","","TB",,"","",""
"1104","LI","E5","207","","TB",,"","",""
"1105","LI","E5","208","","TB",,"","",""
"1106","LI","E5","209","","TB",,"","",""
"1107","LI","E5","210","","TB",,"","",""
"1108","LI","E5","211","","TB",,"","",""
"1109","LI","E5","212","","TB",,"","",""
"1110","LI","E5","213","","TB",,"","",""
"1111","LI","E5","214","","TB",,"","",""
"1112","LI","E5","215","","TB",,"","",""
"1113","LI","E5","216","","TB",,"","",""
"1114","LI","E5","217","","TB",,"","",""
"1115","LI","E5","218","","TB",,"","",""
"1116","LI","E5","219","","TB",,"","",""
"1117","LI","E5","220","","TB",,"","",""
"1118","LI","E5","221","","TB",,"","",""
"1119","LI","E5","222","","TB",,"","",""
"1120","LI","E5","223","","TB",,"","",""
"1121","LI","E5","224","","TB",,"","",""
"1122","LI","E5","225","","TB",,"","",""
"1123","LI","E5","226","","TB",,"","",""
"1124","LI","E5","227","","TB",,"","",""
"1125","LI","E5","228","","TB",,"","",""
"1126","LI","E5","229","","TB",,"","",""
"1127","LI","E5","230","","TB",,"","",""
"1128","LI","E5","231","","TB",,"","",""
"1129","LI","E2","1","","BR",,"","",""
"1130","LI","E2","2","","BR",,"","",""
"1131","LI","E2","3","","BR",,"","",""
"1132","LI","E2","4","","BR",,"","",""
"1133","LI","E2","5","","BR",,"","",""
"1134","LI","E2","6","","BR",,"","",""
"1135","LI","E2","7","","BR",,"","",""
"1136","LI","E2","8","","BR",,"","",""
"1137","LI","E2","9","","TB",,"","",""
"1138","LI","E2","10","","BR",,"","",""
"1139","LI","E2","11","","BR",,"","",""
"1140","LI","E2","12","","BR",,"","",""
"1141","LI","E2","13","","BR",,"","",""
"1142","LI","E2","14","","BR",,"","",""
"1143","LI","E2","15","","BR",,"","",""
"1144","LI","E2","16","","CB",,"","",""
"1145","LI","E2","17","","CB",,"","",""
"1146","LI","E2","18","","CB",,"","",""
"1147","LI","E2","19","","CB",,"","",""
"1148","LI","E2","20","","CB",,"","",""
"1149","LI","E2","21","","CB",,"","",""
"1150","LI","E2","22","","CB",,"","",""
"1151","LI","E2","23","","CB",,"","",""
"1152","LI","E2","24","","CB",,"","",""
"1153","LI","E2","25","","TB",,"","",""
"1154","LI","E2","26","","CB",,"","",""
"1155","LI","E2","27","","CB",,"","",""
"1156","LI","E2","28","","CB",,"","",""
"1157","LI","E2","29","","CB",,"","",""
"1158","LI","E2","30","","CB",,"","",""
"1159","LI","E2","31","","CB",,"","",""
"1160","LI","E2","32","","CB",,"","",""
"1161","LI","E2","33","","CB",,"","",""
"1162","LI","E2","34","","CB",,"","",""
"1163","LI","E2","35","","CB",,"","",""
"1164","LI","E2","36","","CB",,"","",""
"1165","LI","E2","37","","CB",,"","",""
"1166","LI","E2","38","","CB",,"","",""
"1167","LI","E2","39","","CB",,"","",""
"1168","LI","E2","40","","CB",,"","",""
"1169","LI","E2","41","","TB",,"","",""
"1170","LI","E2","42","","CB",,"","",""
"1171","LI","E2","43","","CN",,"","",""
"1172","LI","E2","44","","CN",,"","",""
"1173","LI","E2","45","","CN",,"","",""
"1174","LI","E2","46","","CN",,"","",""
"1175","LI","E2","47","","CN",,"","",""
"1176","LI","E2","48","","CN",,"","",""
"1177","LI","E2","49","","CN",,"","",""
"1178","LI","E2","50","","CN",,"","",""
"1179","LI","E2","51","","CN",,"","",""
"1180","LI","E2","52","","CN",,"","",""
"1181","LI","E2","53","","CN",,"","",""
"1182","LI","E2","54","","CN",,"","",""
"1183","LI","E2","55","","CN",,"","",""
"1184","LI","E2","56","","CN",,"","",""
"1185","LI","E2","57","","CN",,"","",""
"1186","LI","E2","58","","CN",,"","",""
"1187","LI","E2","59","","CN",,"","",""
"1188","LI","E2","60","","CN",,"","",""
"1189","LI","E2","61","","CN",,"","",""
"1190","LI","E2","62","","CN",,"","",""
"1191","LI","E2","63","","CN",,"","",""
"1192","LI","E2","64","","CN",,"","",""
"1193","LI","E2","65","","CN",,"","",""
"1194","LI","E2","66","","CN",,"","",""
"1195","LI","E2","67","","CN",,"","",""
"1196","LI","E2","68","","CN",,"","",""
"1197","LI","E2","69","","CN",,"","",""
"1198","LI","E2","70","","CN",,"","",""
"1199","LI","E2","71","","CN",,"","",""
"1200","LI","E2","72","","CN",,"","",""
"1201","LI","E2","73","","CN",,"","",""
"1202","LI","E2","74","","CN",,"","",""
"1203","LI","E2","75","","CN",,"","",""
"1204","LI","E2","76","","CN",,"","",""
"1205","LI","E2","77","","CN",,"","",""
"1206","LI","E2","78","","DT",,"","",""
"1207","LI","E2","79","","DT",,"","",""
"1208","LI","E2","80","","DT",,"","",""
"1209","LI","E2","81","","DT",,"","",""
"1210","LI","E2","82","","DT",,"","",""
"1211","LI","E2","83","","DT",,"","",""
"1212","LI","E2","84","","DT",,"","",""
"1213","LI","E2","85","","DT",,"","",""
"1214","LI","E2","86","","DT",,"","",""
"1215","LI","E2","87","","DT",,"","",""
"1216","LI","E2","88","","DT",,"","",""
"1217","LI","E2","89","","DT",,"","",""
"1218","LI","E2","90","","DT",,"","",""
"1219","LI","E2","91","","DT",,"","",""
"1220","LI","E2","92","","DT",,"","",""
"1221","LI","E2","93","","DT",,"","",""
"1222","LI","E2","94","","DT",,"","",""
"1223","LI","E2","95","","DT",,"","",""
"1224","LI","E2","96","","DT",,"","",""
"1225","LI","E2","97","","DT",,"","",""
"1226","LI","E2","98","","DT",,"","",""
"1227","LI","E2","99","","DT",,"","",""
"1228","LI","E2","100","","DT",,"","",""
"1229","LI","E2","101","","DT",,"","",""
"1230","LI","E2","102","","DT",,"","",""
"1231","LI","E2","103","","DT",,"","",""
"1232","LI","E2","104","","DT",,"","",""
"1233","LI","E2","105","","DT",,"","",""
"1234","LI","E2","106","","DT",,"","",""
"1235","LI","E2","107","","DT",,"","",""
"1236","LI","E2","108","","DT",,"","",""
"1237","LI","E2","109","","DT",,"","",""
"1238","LI","E2","110","","DT",,"","",""
"1239","LI","E2","111","","DT",,"","",""
"1240","LI","E2","112","","DT",,"","",""
"1241","LI","E2","113","","DT",,"","",""
"1242","LI","E2","114","","DT",,"","",""
"1243","LI","E2","115","","DT",,"","",""
"1244","LI","E2","116","","DT",,"","",""
"1245","LI","E2","117","","",,"","",""
"1246","LI","E2","118","","DT",,"","",""
"1247","LI","E2","119","","DT",,"","",""
"1248","LI","E2","120","","DT",,"","",""
"1249","LI","E2","121","","DT",,"","",""
"1250","LI","E2","122","","DT",,"","",""
"1251","LI","E2","123","","DT",,"","",""
"1252","LI","E2","124","","DT",,"","",""
"1253","LI","E2","125","","DT",,"","",""
"1254","LI","E2","126","","DT",,"","",""
"1255","LI","E2","127","","DT",,"","",""
"1256","LI","E2","128","","DT",,"","",""
"1257","LI","E2","129","","DT",,"","",""
"1258","LI","E2","130","","DT",,"","",""
"1259","LI","E2","131","","DT",,"","",""
"1260","LI","E2","132","","DT",,"","",""
"1261","LI","E2","133","","DT",,"","",""
"1262","LI","E2","134","","DT",,"","",""
"1263","LI","E2","135","","DT",,"","",""
"1264","LI","E2","136","","DT",,"","",""
"1265","LI","E2","137","","DT",,"","",""
"1266","LI","E2","138","","DT",,"","",""
"1267","LI","E2","139","","DT",,"","",""
"1268","LI","E2","140","","DT",,"","",""
"1269","LI","E2","141","","DT",,"","",""
"1270","LI","E2","142","","DT",,"","",""
"1271","LI","E2","143","","DT",,"","",""
"1272","LI","E2","144","","DT",,"","",""
"1273","LI","E2","145","","DT",,"","",""
"1274","LI","E2","146","","DT",,"","",""
"1275","LI","E2","147","","DT",,"","",""
"1276","LI","E2","148","","DT",,"","",""
"1277","LI","E2","149","","DT",,"","",""
"1278","LI","E2","150","","DT",,"","",""
"1279","LI","E2","151","","EN",,"","",""
"1280","LI","E2","152","","EN",,"","",""
"1281","LI","E2","153","","EN",,"","",""
"1282","LI","E2","154","","EN",,"","",""
"1283","LI","E2","155","","EN",,"","",""
"1284","LI","E2","156","","EN",,"","",""
"1285","LI","E2","157","","EN",,"","",""
"1286","LI","E2","158","","EN",,"","",""
"1287","LI","E2","159","","EN",,"","",""
"1288","LI","E2","160","","MS",,"","",""
"1289","LI","E2","161","","MS",,"","",""
"1290","LI","E2","162","","MS",,"","",""
"1291","LI","E2","163","","MS",,"","",""
"1292","LI","E2","164","","MS",,"","",""
"1293","LI","E2","165","","MS",,"","",""
"1294","LI","E2","166","","MS",,"","",""
"1295","LI","E2","167","","MS",,"","",""
"1296","LI","E2","168","","MS",,"","",""
"1297","LI","E2","169","","TB",,"","",""
"1298","LI","E2","170","","TB",,"","",""
"1299","LI","E2","171","","TB",,"","",""
"1300","LI","E2","172","","TB",,"","",""
"1301","LI","E2","173","","TB",,"","",""
"1302","LI","E2","174","","TB",,"","",""
"1303","LI","E2","175","","TB",,"","",""
"1304","LI","E2","176","","TB",,"","",""
"1305","LI","E2","177","","TB",,"","",""
"1306","LI","E2","178","","TB",,"","",""
"1307","LI","E2","179","","TB",,"","",""
"1308","LI","E2","180","","TB",,"","",""
"1309","LI","E2","181","","TB",,"","",""
"1310","LI","E2","182","","TB",,"","",""
"1311","LI","E2","183","","TB",,"","",""
"1312","LI","E2","184","","TB",,"","",""
"1313","LI","E2","185","","TB",,"","",""
"1314","LI","E2","186","","TB",,"","",""
"1315","LI","E2","187","","TB",,"","",""
"1316","LI","E2","188","","TB",,"","",""
"1317","LI","E2","189","","TB",,"","",""
"1318","LI","E2","190","","TB",,"","",""
"1319","LI","E2","191","","TB",,"","",""
"1320","LI","E2","192","","TB",,"","",""
"1321","LI","E2","193","","TB",,"","",""
"1322","LI","E2","194","","TB",,"","",""
"1323","LI","E2","195","","TB",,"","",""
"1324","LI","E2","196","","TB",,"","",""
"1325","LI","E2","197","","TB",,"","",""
"1326","LI","E2","198","","TB",,"","",""
"1327","LI","E2","199","","TB",,"","",""
"1328","LI","E2","200","","TB",,"","",""
"1329","LI","E2","201","","TB",,"","",""
"1330","LI","E3","1","","BR","16.2","","",""
"1331","LI","E3","2","","BR","17","","",""
"1332","LI","E3","3","","BR","16.8","","",""
"1333","LI","E3","4","","BR","18.5","","",""
"1334","LI","E3","5","","BR","24.2","","",""
"1335","LI","E3","6","","BR","23.5","","",""
"1336","LI","E3","7","","BR","25.6","","",""
"1337","LI","E3","8","","BR","28.6","","",""
"1338","LI","E3","9","","BR","27.7","","",""
"1339","LI","E3","10","","BR","33.8","","",""
"1340","LI","E3","11","","BR","34.6","","",""
"1341","LI","E3","12","","BR","32.8","","",""
"1342","LI","E3","13","","BR","35.9","","",""
"1343","LI","E3","14","","BR","48.1","","",""
"1344","LI","E3","15","","BR","78.1","","",""
"1345","LI","E3","16","","BR","80","","",""
"1346","LI","E3","17","","BR","42.4","","",""
"1347","LI","E3","18","","BR","26.6","","",""
"1348","LI","E3","19","","BR","27.7","","",""
"1349","LI","E3","20","","BR","52.8","","",""
"1350","LI","E3","21","","BR","70.4","","",""
"1351","LI","E3","22","","BR","8.1","","",""
"1352","LI","E3","23","","BR","4.2","","",""
"1353","LI","E3","24","","BR","5.9","","",""
"1354","LI","E3","25","","BR","6.5","","",""
"1355","LI","E3","26","","BR","7.5","","",""
"1356","LI","E3","27","","BR","7.8","","",""
"1357","LI","E3","28","","BR","6.3","","",""
"1358","LI","E3","29","","BR","4.1","","",""
"1359","LI","E3","30","","BR","20.8","","",""
"1360","LI","E3","31","","BR","22.7","","",""
"1361","LI","E3","32","","BR","23","","",""
"1362","LI","E3","33","","BR","14.3","","",""
"1363","LI","E3","34","","BR","28.1","","",""
"1364","LI","E3","35","","BR","34.4","","",""
"1365","LI","E3","36","","BR","38.8","","",""
"1366","LI","E3","37","","BR","41.8","","",""
"1367","LI","E3","38","","BR","52.2","","",""
"1368","LI","E3","39","","BR","50.9","","",""
"1369","LI","E3","40","","BR","45.6","","",""
"1370","LI","E3","41","","BR","71.8","","",""
"1371","LI","E3","42","","BR","75.4","","",""
"1372","LI","E3","43","","BR","76","","",""
"1373","LI","E3","44","","BR","69.2","","",""
"1374","LI","E3","45","","BR","80","","",""
"1375","LI","E3","46","","BR","55.5","","",""
"1376","LI","E3","47","","BR","49.4","","",""
"1377","LI","E3","48","","CB","77.5","","",""
"1378","LI","E3","49","","CB","64.2","","",""
"1379","LI","E3","50","","CB","60","","",""
"1380","LI","E3","51","","CB","60.4","","",""
"1381","LI","E3","52","","CB","77","","",""
"1382","LI","E3","53","","CB","77.3","","",""
"1383","LI","E3","54","","CB","1.3","","",""
"1384","LI","E3","55","","CB","0.3","","",""
"1385","LI","E3","56","","CB","1.4","","",""
"1386","LI","E3","57","","CB","5.8","","",""
"1387","LI","E3","58","","CB","6.7","","",""
"1388","LI","E3","59","","CB","6.8","","",""
"1389","LI","E3","60","","CB","9.5","","",""
"1390","LI","E3","61","","CB","10.1","","",""
"1391","LI","E3","62","","CB","10.2","","",""
"1392","LI","E3","63","","CB","13.5","","",""
"1393","LI","E3","64","","CB","16.4","","",""
"1394","LI","E3","65","","CB","16.6","","",""
"1395","LI","E3","66","","CB","17","","",""
"1396","LI","E3","67","","CB","22","","",""
"1397","LI","E3","68","","CB","22.1","","",""
"1398","LI","E3","69","","CB","28.8","","",""
"1399","LI","E3","70","","CB","25.6","","",""
"1400","LI","E3","71","","CB","32.8","","",""
"1401","LI","E3","72","","CB","31.2","","",""
"1402","LI","E3","73","","CB","33.4","","",""
"1403","LI","E3","74","","CB","44","","",""
"1404","LI","E3","75","","CB","45","","",""
"1405","LI","E3","76","","CB","50.1","","",""
"1406","LI","E3","77","","CB","53.8","","",""
"1407","LI","E3","78","","CB","56.8","","",""
"1408","LI","E3","79","","CB","59","","",""
"1409","LI","E3","80","","CB","69.1","","",""
"1410","LI","E3","81","","CB","77.3","","",""
"1411","LI","E3","82","","CB","67.6","","",""
"1412","LI","E3","83","","CB","60","","",""
"1413","LI","E3","84","","CB","59.5","","",""
"1414","LI","E3","85","","CB","56.1","","",""
"1415","LI","E3","86","","CB","55.8","","",""
"1416","LI","E3","87","","CB","56.5","","",""
"1417","LI","E3","88","","CB","50.3","","",""
"1418","LI","E3","89","","CB","0","","",""
"1419","LI","E3","90","","CB","0","","",""
"1420","LI","E3","91","","CB","1.2","","",""
"1421","LI","E3","92","","CB","1.6","","",""
"1422","LI","E3","93","","CB","1.1","","",""
"1423","LI","E3","94","","CB","4.4","","",""
"1424","LI","E3","95","","CB","4.7","","",""
"1425","LI","E3","96","","CB","3","","",""
"1426","LI","E3","97","","CB","8.8","","",""
"1427","LI","E3","98","","CB","10","","",""
"1428","LI","E3","99","","CB","14.1","","",""
"1429","LI","E3","100","","CB","18","","",""
"1430","LI","E3","101","","CB","18.3","","",""
"1431","LI","E3","102","","CB","21.5","","",""
"1432","LI","E3","103","","CB","21.2","","",""
"1433","LI","E3","104","","CB","23.7","","",""
"1434","LI","E3","105","","CB","24.7","","",""
"1435","LI","E3","106","","CB","29.7","","",""
"1436","LI","E3","107","","CB","31.7","","",""
"1437","LI","E3","108","","CB","34","","",""
"1438","LI","E3","109","","CB","34.7","","",""
"1439","LI","E3","110","","CB","40","","",""
"1440","LI","E3","111","","CB","39","","",""
"1441","LI","E3","112","","CB","45.1","","",""
"1442","LI","E3","113","","CB","46.4","","",""
"1443","LI","E3","114","","MS","1","","",""
"1444","LI","E3","115","","MS","4.3","","",""
"1445","LI","E3","116","","MS","5.9","","",""
"1446","LI","E3","117","","MS","7.2","","",""
"1447","LI","E3","118","","MS","7.2","","",""
"1448","LI","E3","119","","MS","9.6","","",""
"1449","LI","E3","120","","MS","13.2","","",""
"1450","LI","E3","121","","MS","25","","",""
"1451","LI","E3","122","","MS","26.3","","",""
"1452","LI","E3","123","","MS","29.2","","",""
"1453","LI","E3","124","","MS","29.2","","",""
"1454","LI","E3","125","","MS","30","","",""
"1455","LI","E3","126","","MS","30","","",""
"1456","LI","E3","127","","MS","31","","",""
"1457","LI","E3","128","","MS","31","","",""
"1458","LI","E3","129","","MS","31","","",""
"1459","LI","E3","130","","CN","31.5","","",""
"1460","LI","E3","131","","MS","3.9","","",""
"1461","LI","E3","132","","MS","3.9","","",""
"1462","LI","E3","133","","MS","7","","",""
"1463","LI","E3","134","","MS","8","","",""
"1464","LI","E3","135","","MS","14","","",""
"1465","LI","E3","136","","MS","23.3","","",""
"1466","LI","E3","137","","MS","25.7","","",""
"1467","LI","E3","138","","MS","26.2","","",""
"1468","LI","E3","139","","MS","26.2","","",""
"1469","LI","E3","140","","MS","2.4","","",""
"1470","LI","E3","141","","MS","6.8","","",""
"1471","LI","E3","142","","MS","7.3","","",""
"1472","LI","E3","143","","MS","9.5","","",""
"1473","LI","E3","144","","MS","12","","",""
"1474","LI","E3","145","","MS","15","","",""
"1475","LI","E3","146","","MS","15.3","","",""
"1476","LI","E3","147","","MS","20","","",""
"1477","LI","E3","148","","MS","20","","",""
"1478","LI","E3","149","","MS","20","","",""
"1479","LI","E3","150","","MS","20","","",""
"1480","LI","E3","151","","MS","1","","",""
"1481","LI","E3","152","","MS","1","","",""
"1482","LI","E3","153","","MS","1.5","","",""
"1483","LI","E3","154","","MS","3.3","","",""
"1484","LI","E3","155","","MS","9","","",""
"1485","LI","E3","156","","MS","10.7","","",""
"1486","LI","E3","157","","MS","12.8","","",""
"1487","LI","E3","158","","MS","13.2","","",""
"1488","LI","E3","159","","MS","20.3","","",""
"1489","LI","E3","160","","MS","20.6","","",""
"1490","LI","E3","161","","MS","22.4","","",""
"1491","LI","E3","162","","MS","22.4","","",""
"1492","LI","E3","163","","MS","25","","",""
"1493","LI","E3","164","","MS","25","","",""
"1494","LI","E3","165","","MS","7","","",""
"1495","LI","E3","166","","MS","28","","",""
"1496","LI","E3","167","","MS","29","","",""
"1497","LI","E3","168","","MS","1","","",""
"1498","LI","E3","169","","MS","5","","",""
"1499","LI","E3","170","","MS","5","","",""
"1500","LI","E3","171","","MS","6.3","","",""
"1501","LI","E3","172","","MS","10","","",""
"1502","LI","E3","173","","MS","25","","",""
"1503","LI","E3","174","","MS","25","","",""
"1504","LI","E3","175","","MS","27","","",""
"1505","LI","E3","176","","MS","26","","",""
"1506","LI","E3","177","","MS","26.5","","",""
"1507","LI","E3","178","","MS","27","","",""
"1508","LI","E3","179","","MS","27","","",""
"1509","LI","E3","180","","MS","28","","",""
"1510","LI","E3","181","","MS","3","","",""
"1511","LI","E3","182","","MS","4","","",""
"1512","LI","E3","183","","MS","10","","",""
"1513","LI","E3","184","","MS","11","","",""
"1514","LI","E3","185","","MS","15","","",""
"1515","LI","E3","186","","MS","17","","",""
"1516","LI","E4","1","","BR","58.7","","",""
"1517","LI","E4","2","","BR","60.1","","",""
"1518","LI","E4","3","","BR","51.2","","",""
"1519","LI","E4","4","","BR","50.8","","",""
"1520","LI","E4","5","","BR","45.1","","",""
"1521","LI","E4","6","","BR","39.1","","",""
"1522","LI","E4","7","","BR","38.4","","",""
"1523","LI","E4","8","","BR","35.6","","",""
"1524","LI","E4","9","","BR","36","","",""
"1525","LI","E4","10","","BR","31.1","","",""
"1526","LI","E4","11","","BR","25.6","","",""
"1527","LI","E4","12","","BR","22.7","","",""
"1528","LI","E4","13","","BR","17.6","","",""
"1529","LI","E4","14","","BR","16.1","","",""
"1530","LI","E4","15","","BR","16.5","","",""
"1531","LI","E4","16","","BR","14.5","","",""
"1532","LI","E4","17","","BR","7.5","","",""
"1533","LI","E4","18","","BR","4.9","","",""
"1534","LI","E4","19","","BR","5","","",""
"1535","LI","E4","20","","BR","1.8","","",""
"1536","LI","E4","21","","BR","0.3","","",""
"1537","LI","E4","22","","BR","1.1","","",""
"1538","LI","E4","23","","BR","61.9","","",""
"1539","LI","E4","24","","BR","64.7","","",""
"1540","LI","E4","25","","BR","64","","",""
"1541","LI","E4","26","","BR","66.6","","",""
"1542","LI","E4","27","","BR","68.4","","",""
"1543","LI","E4","28","","BR","69.5","","",""
"1544","LI","E4","29","","BR","69.6","","",""
"1545","LI","E4","30","","BR","75","","",""
"1546","LI","E4","31","","BR","73.5","","",""
"1547","LI","E4","32","","BR","4.8","","",""
"1548","LI","E4","33","","BR","30.3","","",""
"1549","LI","E4","34","","BR","29.6","","",""
"1550","LI","E4","35","","BR","30","","",""
"1551","LI","E4","36","","BR","5.7","","",""
"1552","LI","E4","37","","BR","6.3","","",""
"1553","LI","E4","38","","BR","0.1","","",""
"1554","LI","E4","39","","CB","2.8","","",""
"1555","LI","E4","40","","CB","0.9","","",""
"1556","LI","E4","41","","CB","1","","",""
"1557","LI","E4","42","","CB","4.9","","",""
"1558","LI","E4","43","","CB","6.1","","",""
"1559","LI","E4","44","","CB","13.1","","",""
"1560","LI","E4","45","","CB","19","","",""
"1561","LI","E4","46","","CB","18.5","","",""
"1562","LI","E4","47","","CB","23.2","","",""
"1563","LI","E4","48","","CB","24","","",""
"1564","LI","E4","49","","CB","38","","",""
"1565","LI","E4","50","","CB","41.1","","",""
"1566","LI","E4","51","","CB","47.6","","",""
"1567","LI","E4","52","","CB","51.4","","",""
"1568","LI","E4","53","","CB","54","","",""
"1569","LI","E4","54","","CB","55.8","","",""
"1570","LI","E4","55","","CB","54.9","","",""
"1571","LI","E4","56","","CB","60","","",""
"1572","LI","E4","57","","CB","66.3","","",""
"1573","LI","E4","58","","CB","73.7","","",""
"1574","LI","E4","59","","CB","79","","",""
"1575","LI","E4","60","","CB","16","","",""
"1576","LI","E4","61","","CB","1","","",""
"1577","LI","E4","62","","CB","3.8","","",""
"1578","LI","E4","63","","CB","6.4","","",""
"1579","LI","E4","64","","CB","8.5","","",""
"1580","LI","E4","65","","CB","10.2","","",""
"1581","LI","E4","66","","CB","7","","",""
"1582","LI","E4","67","","CB","9.5","","",""
"1583","LI","E4","68","","CB","7.4","","",""
"1584","LI","E4","69","","CB","9","","",""
"1585","LI","E4","70","","CB","16.6","","",""
"1586","LI","E4","71","","CB","12.2","","",""
"1587","LI","E4","72","","CB","16.9","","",""
"1588","LI","E4","73","","CB","17.6","","",""
"1589","LI","E4","74","","CB","22.6","","",""
"1590","LI","E4","75","","CB","26.8","","",""
"1591","LI","E4","76","","CB","24.6","","",""
"1592","LI","E4","77","","CB","25.8","","",""
"1593","LI","E4","78","","CB","32.5","","",""
"1594","LI","E4","79","","CB","36","","",""
"1595","LI","E4","80","","CB","38.2","","",""
"1596","LI","E4","81","","CB","44.4","","",""
"1597","LI","E4","82","","CB","48","","",""
"1598","LI","E4","83","","CB","58","","",""
"1599","LI","E4","84","","CB","63.5","","",""
"1600","LI","E4","85","","CB","63.7","","",""
"1601","LI","E4","86","","CB","70","","",""
"1602","LI","E4","87","","CB","71.2","","",""
"1603","LI","E4","88","","CN","47","","",""
"1604","LI","E4","89","","CN","43","","",""
"1605","LI","E4","90","","CN","30","","",""
"1606","LI","E4","91","","CN","30","","",""
"1607","LI","E4","92","","CN","21.2","","",""
"1608","LI","E4","93","","CN","19.8","","",""
"1609","LI","E4","94","","CN","19","","",""
"1610","LI","E4","95","","CN","18","","",""
"1611","LI","E4","96","","CN","15.7","","",""
"1612","LI","E4","97","","CN","14.6","","",""
"1613","LI","E4","98","","CN","11","","",""
"1614","LI","E4","99","","CN","6","","",""
"1615","LI","E4","100","","CN","4","","",""
"1616","LI","E4","101","","CN","4","","",""
"1617","LI","E4","102","","CN","2.7","","",""
"1618","LI","E4","103","","CN","1.6","","",""
"1619","LI","E4","104","","CN","0","","",""
"1620","LI","E4","105","","CN","0","","",""
"1621","LI","E4","106","","CN","4.5","","",""
"1622","LI","E4","107","","CN","3","","",""
"1623","LI","E4","108","","CN","5.5","","",""
"1624","LI","E4","109","","CN","5.5","","",""
"1625","LI","E4","110","","CN","20","","",""
"1626","LI","E4","111","","CN","23.7","","",""
"1627","LI","E4","112","","CN","28.5","","",""
"1628","LI","E4","113","","CN","31","","",""
"1629","LI","E4","114","","CN","49","","",""
"1630","LI","E4","115","","CN","22","","",""
"1631","LI","E4","116","","CN","9.5","","",""
"1632","LI","E4","117","","CN","11","","",""
"1633","LI","E4","118","","CN","2","","",""
"1634","LI","E4","119","","CN","2","","",""
"1635","LI","E4","120","","DT","12.2","","",""
"1636","LI","E4","121","","DT","21.4","","",""
"1637","LI","E4","122","","DT","0","","",""
"1638","LI","E4","123","","DT","0.5","","",""
"1639","LI","E4","124","","DT","0.3","","",""
"1640","LI","E4","125","","DT","2.3","","",""
"1641","LI","E4","126","","DT","2.7","","",""
"1642","LI","E4","127","","DT","3.5","","",""
"1643","LI","E4","128","","DT","4.5","","",""
"1644","LI","E4","129","","DT","3.9","","",""
"1645","LI","E4","130","","DT","6.6","","",""
"1646","LI","E4","131","","DT","6.3","","",""
"1647","LI","E4","132","","DT","7.4","","",""
"1648","LI","E4","133","","DT","9.3","","",""
"1649","LI","E4","134","","DT","9.4","","",""
"1650","LI","E4","135","","DT","10.9","","",""
"1651","LI","E4","136","","DT","11.3","","",""
"1652","LI","E4","137","","DT","14.3","","",""
"1653","LI","E4","138","","DT","16","","",""
"1654","LI","E4","139","","DT","17.8","","",""
"1655","LI","E4","140","","DT","18","","",""
"1656","LI","E4","141","","DT","22.4","","",""
"1657","LI","E4","142","","DT","22.5","","",""
"1658","LI","E4","143","","DT","29.5","","",""
"1659","LI","E4","144","","DT","30.6","","",""
"1660","LI","E4","145","","DT","32","","",""
"1661","LI","E4","146","","DT","36.8","","",""
"1662","LI","E4","147","","DT","38.9","","",""
"1663","LI","E4","148","","DT","41.2","","",""
"1664","LI","E4","149","","DT","50","","",""
"1665","LI","E4","150","","DT","53.9","","",""
"1666","LI","E4","151","","DT","66.1","","",""
"1667","LI","E4","152","","CB","61.5","","",""
"1668","LI","E4","153","","DT","68","","",""
"1669","LI","E4","154","","DT","80","","",""
"1670","LI","E4","155","","DT","8.9","","",""
"1671","LI","E4","156","","DT","24.6","","",""
"1672","LI","E4","157","","DT","25.8","","",""
"1673","LI","E4","158","","MS","1.7","","",""
"1674","LI","E4","159","","MS","3.2","","",""
"1675","LI","E4","160","","MS","2.7","","",""
"1676","LI","E4","161","","MS","5.7","","",""
"1677","LI","E4","162","","MS","5.7","","",""
"1678","LI","E4","163","","MS","11.1","","",""
"1679","LI","E4","164","","MS","9.7","","",""
"1680","LI","E4","165","","MS","8.6","","",""
"1681","LI","E4","166","","MS","9.1","","",""
"1682","LI","E4","167","","MS","80","","",""
"1683","LI","E4","168","","MS","79.6","","",""
"1684","LI","E4","169","","MS","79.6","","",""
"1685","LI","E4","170","","MS","79.3","","",""
"1686","LI","E4","171","","MS","78.3","","",""
"1687","LI","E4","172","","MS","73.2","","",""
"1688","LI","E4","173","","MS","77.9","","",""
"1689","LI","E4","174","","MS","61.4","","",""
"1690","LI","E4","175","","MS","60","","",""
"1691","LI","E4","176","","MS","60.5","","",""
"1692","LI","E4","177","","MS","58.3","","",""
"1693","LI","E4","178","","MS","58.1","","",""
"1694","LI","E4","179","","MS","58.1","","",""
"1695","LI","E4","180","","MS","58.4","","",""
"1696","LI","E4","181","","MS","51.9","","",""
"1697","LI","E4","182","","MS","53.2","","",""
"1698","LI","E4","183","","MS","52.8","","",""
"1699","LI","E4","184","","MS","52.8","","",""
"1700","LI","E4","185","","MS","49.8","","",""
"1701","LI","E4","186","","MS","48.3","","",""
"1702","LI","E4","187","","MS","46.8","","",""
"1703","LI","E4","188","","MS","42.3","","",""
"1704","LI","E4","189","","MS","41.3","","",""
"1705","LI","E4","190","","MS","41.3","","",""
"1706","LI","E4","191","","MS","19.8","","",""
"1707","LI","E4","192","","MS","15.8","","",""
"1708","LI","E4","193","","MS","3.9","","",""
"1709","LI","E4","194","","MS","80","","",""
"1710","LI","E4","195","","MS","79.9","","",""
"1711","LI","E4","196","","MS","77.5","","",""
"1712","LI","E4","197","","MS","64.4","","",""
"1713","LI","E4","198","","MS","47.3","","",""
"1714","LI","E4","199","","MS","44.6","","",""
"1715","LI","E4","200","","MS","42.9","","",""
"1716","LI","E4","201","","MS","40.6","","",""
"1717","LI","E4","202","","MS","40.5","","",""
"1718","LI","E4","203","","MS","2","","",""
"1719","LI","E4","204","","MS","7.2","","",""
"1720","LI","E4","205","","MS","15.6","","",""
"1721","LI","E4","206","","MS","26","","",""
"1722","LI","E4","207","","MS","26","","",""
"1723","LI","E4","208","","MS","29","","",""
"1724","LI","E4","209","","MS","32","","",""
"1725","LI","E4","210","","MS","12.3","","",""
"1726","LI","E4","211","","TB","27.4","","",""
"1727","LI","E4","212","","TB","18.7","","",""
"1728","LI","E4","213","","TB","13.8","","",""
"1729","LI","E4","214","","TB","11.2","","",""
"1730","LI","E4","215","","TB","11","","",""
"1731","LI","E4","216","","TB","10.8","","",""
"1732","LI","E4","217","","TB","9.3","","",""
"1733","LI","E4","218","","TB","7.7","","",""
"1734","LI","E4","219","","TB","0","","",""
"1735","LI","E4","220","","TB","0","","",""
"1736","LI","E4","221","","TB","0.5","","",""
"1737","LI","E4","222","","TB","1.6","","",""
"1738","LI","E4","223","","TB","3.3","","",""
"1739","LI","E4","224","","TB","5.9","","",""
"1740","LI","E4","225","","TB","6.5","","",""
"1741","LI","E4","226","","TB","18.5","","",""
"1742","LI","E4","227","","TB",,"","",""
"1743","LI","E4","228","","TB",,"","",""
"1744","LI","E4","229","","TB","27","","",""
"1745","LI","E4","230","","TB","28.2","","",""
"1746","LI","E4","231","","TB","24","","",""
"1747","LI","E4","232","","TB","24.3","","",""
"1748","LI","E4","233","","TB","21.4","","",""
"1749","LI","E4","234","","TB","21.4","","",""
"1750","LI","E4","235","","TB","21.5","","",""
"1751","LI","E4","236","","TB","20.7","","",""
"1752","LI","E4","237","","TB","16.8","","",""
"1753","LI","E4","238","","TB","12.8","","",""
"1754","LI","E4","239","","TB","13.1","","",""
"1755","LI","E4","240","","TB","12.9","","",""
"1756","LI","E4","241","","TB","13","","",""
"1757","LI","E4","242","","TB","9","","",""
"1758","LI","E4","243","","TB","7.3","","",""
"1759","LI","E4","244","","TB","7.4","","",""
"1760","LI","E4","245","","TB","0","","",""
"1761","LI","E4","246","","TB","0.9","","",""
"1762","LI","E4","247","","TB","2.1","","",""
"1763","LI","E4","248","","TB","3.5","","",""
"1764","LI","E4","249","","TB","6.5","","",""
"1765","LI","E4","250","","TB","0.1","","",""
"1766","LI","E1","1","","BR",,"","",""
"1767","LI","E1","2","","BR",,"","",""
"1768","LI","E1","3","","BR",,"","",""
"1769","LI","E1","4","","BR",,"","",""
"1770","LI","E1","5","","BR",,"","",""
"1771","LI","E1","6","","BR",,"","",""
"1772","LI","E1","7","","BR",,"","",""
"1773","LI","E1","8","","BR",,"","",""
"1774","LI","E1","9","","BR","12.9","","",""
"1775","LI","E1","10","","BR","17.1","","",""
"1776","LI","E1","11","","BR",,"","",""
"1777","LI","E1","12","","BR",,"","",""
"1778","LI","E1","13","","BR",,"","",""
"1779","LI","E1","14","","BR",,"","",""
"1780","LI","E1","15","","BR",,"","",""
"1781","LI","E1","16","","BR",,"","",""
"1782","LI","E1","17","","BR",,"","",""
"1783","LI","E1","18","","BR",,"","",""
"1784","LI","E1","19","","BR",,"","",""
"1785","LI","E1","20","","BR",,"","",""
"1786","LI","E1","21","","BR",,"","",""
"1787","LI","E1","22","","BR",,"","",""
"1788","LI","E1","23","","BR",,"","",""
"1789","LI","E1","24","","BR",,"","",""
"1790","LI","E1","25","","CB",,"","",""
"1791","LI","E1","26","","CB",,"","",""
"1792","LI","E1","27","","CB",,"","",""
"1793","LI","E1","28","","CB",,"","",""
"1794","LI","E1","29","","CB",,"","",""
"1795","LI","E1","30","","CB","22","","",""
"1796","LI","E1","31","","CB",,"","",""
"1797","LI","E1","32","","CB",,"","",""
"1798","LI","E1","33","","CB",,"","",""
"1799","LI","E1","34","","CB",,"","",""
"1800","LI","E1","35","","CB",,"","",""
"1801","LI","E1","36","","CB","0","","",""
"1802","LI","E1","37","","TB",,"","",""
"1803","LI","E1","38","","CB","2","","",""
"1804","LI","E1","39","","CB","6","","",""
"1805","LI","E1","40","","CB","7","","",""
"1806","LI","E1","41","","CB","8","","",""
"1807","LI","E1","42","","CB","14","","",""
"1808","LI","E1","43","","CB","21","","",""
"1809","LI","E1","44","","CB",,"","",""
"1810","LI","E1","45","","CB",,"","",""
"1811","LI","E1","46","","CB",,"","",""
"1812","LI","E1","47","","CB",,"","",""
"1813","LI","E1","48","","CB",,"","",""
"1814","LI","E1","49","","CB",,"","",""
"1815","LI","E1","50","","CB",,"","",""
"1816","LI","E1","51","","CB",,"","",""
"1817","LI","E1","52","","CB",,"","",""
"1818","LI","E1","53","","CB","2.7","","",""
"1819","LI","E1","54","","CB","4.4","","",""
"1820","LI","E1","55","","CB","13.5","","",""
"1821","LI","E1","56","","CB","11.2","","",""
"1822","LI","E1","57","","CB","17","","",""
"1823","LI","E1","58","","CB",,"","",""
"1824","LI","E1","59","","CB",,"","",""
"1825","LI","E1","60","","CB",,"","",""
"1826","LI","E1","61","","CB",,"","",""
"1827","LI","E1","62","","CB",,"","",""
"1828","LI","E1","63","","CB",,"","",""
"1829","LI","E1","64","","CB",,"","",""
"1830","LI","E1","65","","CB",,"","",""
"1831","LI","E1","66","","CB",,"","",""
"1832","LI","E1","67","","CB",,"","",""
"1833","LI","E1","68","","CB",,"","",""
"1834","LI","E1","69","","CB",,"","",""
"1835","LI","E1","70","","CN","5","","",""
"1836","LI","E1","71","","CN",,"","",""
"1837","LI","E1","72","","CN",,"","",""
"1838","LI","E1","73","","CN",,"","",""
"1839","LI","E1","74","","CN",,"","",""
"1840","LI","E1","75","","CN",,"","",""
"1841","LI","E1","76","","CN",,"","",""
"1842","LI","E1","77","","CN","3.2","","",""
"1843","LI","E1","78","","CN",,"","",""
"1844","LI","E1","79","","CN",,"","",""
"1845","LI","E1","80","","CN","2.3","","",""
"1846","LI","E1","81","","CN","2.2","","",""
"1847","LI","E1","82","","CN","1.3","","",""
"1848","LI","E1","83","","CN","5.3","","",""
"1849","LI","E1","84","","CN","6.2","","",""
"1850","LI","E1","85","","CN","8.3","","",""
"1851","LI","E1","86","","CN","8.5","","",""
"1852","LI","E1","87","","CN",,"","",""
"1853","LI","E1","88","","CN",,"","",""
"1854","LI","E1","89","","CN",,"","",""
"1855","LI","E1","90","","CN",,"","",""
"1856","LI","E1","91","","CN",,"","",""
"1857","LI","E1","92","","CN",,"","",""
"1858","LI","E1","93","","CN",,"","",""
"1859","LI","E1","94","","CN",,"","",""
"1860","LI","E1","95","","CN",,"","",""
"1861","LI","E1","96","","CN",,"","",""
"1862","LI","E1","97","","CN",,"","",""
"1863","LI","E1","98","","CN",,"","",""
"1864","LI","E1","99","","CN",,"","",""
"1865","LI","E1","100","","CN",,"","",""
"1866","LI","E1","101","","CN",,"","",""
"1867","LI","E1","102","","CN",,"","",""
"1868","LI","E1","103","","CN",,"","",""
"1869","LI","E1","104","","DT","1","","",""
"1870","LI","E1","105","","DT","0","","",""
"1871","LI","E1","106","","DT","2.4","","",""
"1872","LI","E1","107","","DT","3.4","","",""
"1873","LI","E1","108","","DT","3.9","","",""
"1874","LI","E1","109","","DT","5","","",""
"1875","LI","E1","110","","DT","7","","",""
"1876","LI","E1","111","","DT","7.6","","",""
"1877","LI","E1","112","","DT","9.8","","",""
"1878","LI","E1","113","","DT","10.3","","",""
"1879","LI","E1","114","","DT","9","","",""
"1880","LI","E1","115","","DT",,"","",""
"1881","LI","E1","116","","DT",,"","",""
"1882","LI","E1","117","","DT",,"","",""
"1883","LI","E1","118","","DT",,"","",""
"1884","LI","E1","119","","DT",,"","",""
"1885","LI","E1","120","","DT",,"","",""
"1886","LI","E1","121","","DT",,"","",""
"1887","LI","E1","122","","DT",,"","",""
"1888","LI","E1","123","","DT",,"","",""
"1889","LI","E1","124","","DT",,"","",""
"1890","LI","E1","125","","DT",,"","",""
"1891","LI","E1","126","","DT",,"","",""
"1892","LI","E1","127","","DT",,"","",""
"1893","LI","E1","128","","DT",,"","",""
"1894","LI","E1","129","","DT",,"","",""
"1895","LI","E1","130","","DT",,"","",""
"1896","LI","E1","131","","DT",,"","",""
"1897","LI","E1","132","","DT",,"","",""
"1898","LI","E1","133","","DT",,"","",""
"1899","LI","E1","134","","DT",,"","",""
"1900","LI","E1","135","","DT",,"","",""
"1901","LI","E1","136","","DT",,"","",""
"1902","LI","E1","137","","DT",,"","",""
"1903","LI","E1","138","","DT","0","","",""
"1904","LI","E1","139","","DT","2","","",""
"1905","LI","E1","140","","DT","5","","",""
"1906","LI","E1","141","","DT","5.7","","",""
"1907","LI","E1","142","","DT","5.5","","",""
"1908","LI","E1","143","","DT","7","","",""
"1909","LI","E1","144","","DT","7","","",""
"1910","LI","E1","145","","DT","10.5","","",""
"1911","LI","E1","146","","DT","10.7","","",""
"1912","LI","E1","147","","DT","11","","",""
"1913","LI","E1","148","","DT","15.5","","",""
"1914","LI","E1","149","","DT","16","","",""
"1915","LI","E1","150","","DT",,"","",""
"1916","LI","E1","151","","DT",,"","",""
"1917","LI","E1","152","","DT",,"","",""
"1918","LI","E1","153","","DT",,"","",""
"1919","LI","E1","154","","DT",,"","",""
"1920","LI","E1","155","","DT",,"","",""
"1921","LI","E1","156","","DT",,"","",""
"1922","LI","E1","157","","DT",,"","",""
"1923","LI","E1","158","","DT",,"","",""
"1924","LI","E1","159","","DT",,"","",""
"1925","LI","E1","160","","DT",,"","",""
"1926","LI","E1","161","","DT",,"","",""
"1927","LI","E1","162","","DT","10","","",""
"1928","LI","E1","163","","DT","2.1","","",""
"1929","LI","E1","164","","DT","1.2","","",""
"1930","LI","E1","165","","DT","7","","",""
"1931","LI","E1","166","","DT","8.5","","",""
"1932","LI","E1","167","","DT","8.2","","",""
"1933","LI","E1","168","","DT","9.1","","",""
"1934","LI","E1","169","","DT","15","","",""
"1935","LI","E1","170","","DT",,"","",""
"1936","LI","E1","171","","DT",,"","",""
"1937","LI","E1","172","","DT",,"","",""
"1938","LI","E1","173","","DT",,"","",""
"1939","LI","E1","174","","DT",,"","",""
"1940","LI","E1","175","","DT",,"","",""
"1941","LI","E1","176","","DT",,"","",""
"1942","LI","E1","177","","DT",,"","",""
"1943","LI","E1","178","","DT",,"","",""
"1944","LI","E1","179","","DT",,"","",""
"1945","LI","E1","180","","DT",,"","",""
"1946","LI","E1","181","","DT",,"","",""
"1947","LI","E1","182","","DT",,"","",""
"1948","LI","E1","183","","DT",,"","",""
"1949","LI","E1","184","","DT",,"","",""
"1950","LI","E1","185","","DT",,"","",""
"1951","LI","E1","186","","DT",,"","",""
"1952","LI","E1","187","","DT",,"","",""
"1953","LI","E1","188","","DT",,"","",""
"1954","LI","E1","189","","EN","5.1","","",""
"1955","LI","E1","190","","EN","8.4","","",""
"1956","LI","E1","191","","EN","9.4","","",""
"1957","LI","E1","192","","EN","16.8","","",""
"1958","LI","E1","193","","EN","15.9","","",""
"1959","LI","E1","194","","EN",,"","",""
"1960","LI","E1","195","","EN",,"","",""
"1961","LI","E1","196","","EN",,"","",""
"1962","LI","E1","197","","EN",,"","",""
"1963","LI","E1","198","","EN",,"","",""
"1964","LI","E1","199","","EN",,"","",""
"1965","LI","E1","200","","EN",,"","",""
"1966","LI","E1","201","","MS","6.5","","",""
"1967","LI","E1","202","","MS",,"","",""
"1968","LI","E1","203","","MS",,"","",""
"1969","LI","E1","204","","MS",,"","",""
"1970","LI","E1","205","","MS",,"","",""
"1971","LI","E1","206","","MS",,"","",""
"1972","LI","E1","207","","MS",,"","",""
"1973","LI","E1","208","","MS",,"","",""
"1974","LI","E1","209","","MS",,"","",""
"1975","LI","E1","210","","MS",,"","",""
"1976","LI","E1","211","","MS",,"","",""
"1977","LI","E1","212","","MS",,"","",""
"1978","LI","E1","213","","MS",,"","",""
"1979","LI","E1","214","","MS",,"","",""
"1980","LI","E1","215","","MS","14.8","","",""
"1981","LI","E1","216","","MS",,"","",""
"1982","LI","E1","217","","MS",,"","",""
"1983","LI","E1","218","","MS",,"","",""
"1984","LI","E1","219","","MS",,"","",""
"1985","LI","E1","220","","MS",,"","",""
"1986","LI","E1","221","","MS",,"","",""
"1987","LI","E1","222","","MS",,"","",""
"1988","LI","E1","223","","MS",,"","",""
"1989","LI","E1","224","","MS",,"","",""
"1990","LI","E1","225","","MS",,"","",""
"1991","LI","E1","226","","TB","8.5","","",""
"1992","LI","E1","227","","TB",,"","",""
"1993","LI","E1","228","","TB",,"","",""
"1994","LI","E1","229","","TB",,"","",""
"1995","LI","E1","230","","TB",,"","",""
"1996","LI","E1","231","","TB",,"","",""
"1997","LI","E1","232","","TB",,"","",""
"1998","LI","E1","233","","TB",,"","",""
"1999","LI","E1","234","","TB",,"","",""
"2000","LI","E1","235","","TB",,"","",""
"2001","LI","E1","236","","TB",,"","",""
"2002","LI","E1","237","","TB",,"","",""
"2003","LI","E1","238","","TB",,"","",""
"2004","LI","E1","239","","TB",,"","",""
"2005","LI","E1","240","","TB",,"","",""
"2006","LI","E1","241","","TB","1","","",""
"2007","LI","E1","242","","TB","1.1","","",""
"2008","LI","E1","243","","TB","5.1","","",""
"2009","LI","E1","244","","TB","8.1","","",""
"2010","LI","E1","245","","TB","13.2","","",""
"2011","LI","E1","246","","TB","12","","",""
"2012","LI","E1","247","","TB","13.4","","",""
"2013","LI","E1","248","","TB",,"","",""
"2014","LI","E1","249","","TB",,"","",""
"2015","LI","E1","250","","TB",,"","",""
"2016","LI","E1","251","","TB",,"","",""
"2017","LI","E1","252","","TB",,"","",""
"2018","LI","E1","253","","TB",,"","",""
"2019","LI","E1","254","","TB",,"","",""
"2020","LI","E1","255","","TB",,"","",""
"2021","LI","E1","256","","TB",,"","",""
"2022","LI","E1","257","","TB",,"","",""
"2023","LI","E1","258","","TB",,"","",""
"2024","LI","E1","259","","TB",,"","",""
"2025","LI","E1","260","","TB",,"","",""
"2026","LI","E1","261","","TB",,"","",""
"2027","LI","E1","262","","TB",,"","",""
"2028","LI","E1","263","","TB",,"","",""
"2029","LI","E1","264","","TB",,"","",""
"2030","LI","E1","265","","TB",,"","",""
"2031","LI","E1","266","","TB",,"","",""
"2032","LI","E1","267","","TB",,"","",""
"2033","LI","E1","268","","TB",,"","",""
"2034","LI","E3","187","","CB","11","","",""
"2035","LI","E2","202","","BR",,"","",""
"2036","LI","E1","269","","CB",,"","",""
"2037","LI","E1","270","","BR",,"","",""
